"pollutant","level","replicate","participant_id","sample_id","value"
"co","0-ppm",1,"ref",1,-0.0511132075471698
"co","0-ppm",1,"ref",2,-0.0498301886792453
"co","0-ppm",1,"ref",3,0.00459574468085106
"co","0-ppm",1,"ref",4,0.00542553191489362
"co","0-ppm",1,"ref",5,-0.0509245283018868
"co","0-ppm",1,"ref",6,-0.0487924528301887
"co","0-ppm",1,"ref",7,0.00395744680851064
"co","0-ppm",1,"ref",8,0.00459574468085106
"co","0-ppm",1,"ref",9,-0.0483018867924528
"co","0-ppm",1,"ref",10,-0.0474528301886792
"co","0-ppm",2,"part_1",1,-0.0482452830188679
"co","0-ppm",2,"part_1",2,0.00329787234042553
"co","0-ppm",2,"part_1",3,0.00619148936170213
"co","0-ppm",2,"part_1",4,0.00419148936170213
"co","0-ppm",2,"part_1",5,-0.0486981132075472
"co","0-ppm",2,"part_1",6,-0.0486037735849057
"co","0-ppm",2,"part_1",7,0.00453191489361702
"co","0-ppm",2,"part_1",8,0.00442553191489362
"co","0-ppm",2,"part_1",9,0.00436170212765957
"co","0-ppm",2,"part_1",10,0.00327659574468085
"co","0-ppm",3,"part_2",1,0.0044468085106383
"co","0-ppm",3,"part_2",2,0.00525531914893617
"co","0-ppm",3,"part_2",3,0.00423404255319149
"co","0-ppm",3,"part_2",4,0.00578723404255319
"co","0-ppm",3,"part_2",5,-0.051
"co","0-ppm",3,"part_2",6,0.00485106382978723
"co","0-ppm",3,"part_2",7,0.00563829787234043
"co","0-ppm",3,"part_2",8,-0.0506037735849057
"co","0-ppm",3,"part_2",9,0.0035531914893617
"co","0-ppm",3,"part_2",10,-0.0503207547169811
"co","0-ppm",4,"part_3",1,-0.0505094339622641
"co","0-ppm",4,"part_3",2,0.00436170212765957
"co","0-ppm",4,"part_3",3,0.00523404255319149
"co","0-ppm",4,"part_3",4,-0.0507924528301887
"co","0-ppm",4,"part_3",5,-0.0518867924528302
"co","0-ppm",4,"part_3",6,0.00548936170212766
"co","0-ppm",4,"part_3",7,-0.0498490566037736
"co","0-ppm",4,"part_3",8,-0.0532452830188679
"co","0-ppm",4,"part_3",9,0.00459574468085106
"co","0-ppm",4,"part_3",10,0.00497872340425532
"co","0-ppm",5,"part_4",1,0.00274468085106383
"co","0-ppm",5,"part_4",2,0.00423404255319149
"co","0-ppm",5,"part_4",3,0.00497872340425532
"co","0-ppm",5,"part_4",4,-0.0506415094339623
"co","0-ppm",5,"part_4",5,0.00557446808510638
"co","0-ppm",5,"part_4",6,0.0045531914893617
"co","0-ppm",5,"part_4",7,-0.046622641509434
"co","0-ppm",5,"part_4",8,-0.0521698113207547
"co","0-ppm",5,"part_4",9,0.00346808510638298
"co","0-ppm",5,"part_4",10,-0.0497924528301887
"co","0-ppm",6,"part_5",1,0.00472340425531915
"co","0-ppm",6,"part_5",2,-0.0518490566037736
"co","0-ppm",6,"part_5",3,0.00408510638297872
"co","0-ppm",6,"part_5",4,-0.0492830188679245
"co","0-ppm",6,"part_5",5,-0.0536037735849057
"co","0-ppm",6,"part_5",6,0.00429787234042553
"co","0-ppm",6,"part_5",7,-0.0509056603773585
"co","0-ppm",6,"part_5",8,0.00663829787234043
"co","0-ppm",6,"part_5",9,-0.048811320754717
"co","0-ppm",6,"part_5",10,-0.0500377358490566
"co","0-ppm",7,"part_6",1,-0.0492830188679245
"co","0-ppm",7,"part_6",2,0.00459574468085106
"co","0-ppm",7,"part_6",3,0.00482978723404255
"co","0-ppm",7,"part_6",4,-0.0482830188679245
"co","0-ppm",7,"part_6",5,0.00536170212765957
"co","0-ppm",7,"part_6",6,-0.046622641509434
"co","0-ppm",7,"part_6",7,-0.0463207547169811
"co","0-ppm",7,"part_6",8,0.00225531914893617
"co","0-ppm",7,"part_6",9,0.0035531914893617
"co","0-ppm",7,"part_6",10,0.00361702127659574
"co","2-ppm",1,"ref",1,2.01589898989899
"co","2-ppm",1,"ref",2,2.013
"co","2-ppm",1,"ref",3,2.00745454545455
"co","2-ppm",1,"ref",4,2.01244444444444
"co","2-ppm",1,"ref",5,2.01136363636364
"co","2-ppm",1,"ref",6,2.01609090909091
"co","2-ppm",1,"ref",7,2.01112121212121
"co","2-ppm",1,"ref",8,2.01797872340426
"co","2-ppm",1,"ref",9,2.01382978723404
"co","2-ppm",1,"ref",10,2.00584848484848
"co","2-ppm",2,"part_1",1,2.025
"co","2-ppm",2,"part_1",2,2.0131914893617
"co","2-ppm",2,"part_1",3,2.0099797979798
"co","2-ppm",2,"part_1",4,2.01374747474747
"co","2-ppm",2,"part_1",5,2.01851063829787
"co","2-ppm",2,"part_1",6,2.01130303030303
"co","2-ppm",2,"part_1",7,2.00946808510638
"co","2-ppm",2,"part_1",8,2.01249494949495
"co","2-ppm",2,"part_1",9,2.01765957446809
"co","2-ppm",2,"part_1",10,2.02074468085106
"co","2-ppm",3,"part_2",1,2.01627659574468
"co","2-ppm",3,"part_2",2,2.01244680851064
"co","2-ppm",3,"part_2",3,2.0130404040404
"co","2-ppm",3,"part_2",4,2.01350505050505
"co","2-ppm",3,"part_2",5,2.01034343434343
"co","2-ppm",3,"part_2",6,2.01212765957447
"co","2-ppm",3,"part_2",7,2.01373737373737
"co","2-ppm",3,"part_2",8,2.0168085106383
"co","2-ppm",3,"part_2",9,2.01297872340426
"co","2-ppm",3,"part_2",10,2.00630303030303
"co","2-ppm",4,"part_3",1,2.0100404040404
"co","2-ppm",4,"part_3",2,2.01968085106383
"co","2-ppm",4,"part_3",3,2.00719191919192
"co","2-ppm",4,"part_3",4,2.00584848484848
"co","2-ppm",4,"part_3",5,2.01414893617021
"co","2-ppm",4,"part_3",6,2.02159574468085
"co","2-ppm",4,"part_3",7,2.01702127659574
"co","2-ppm",4,"part_3",8,2.00917171717172
"co","2-ppm",4,"part_3",9,2.01574468085106
"co","2-ppm",4,"part_3",10,2.00846464646465
"co","2-ppm",5,"part_4",1,2.00719191919192
"co","2-ppm",5,"part_4",2,2.01223404255319
"co","2-ppm",5,"part_4",3,2.01840425531915
"co","2-ppm",5,"part_4",4,2.0186170212766
"co","2-ppm",5,"part_4",5,2.0186170212766
"co","2-ppm",5,"part_4",6,2.01425531914894
"co","2-ppm",5,"part_4",7,2.01350505050505
"co","2-ppm",5,"part_4",8,2.01202127659574
"co","2-ppm",5,"part_4",9,2.01872340425532
"co","2-ppm",5,"part_4",10,2.0159494949495
"co","2-ppm",6,"part_5",1,2.01153535353535
"co","2-ppm",6,"part_5",2,2.00864646464646
"co","2-ppm",6,"part_5",3,2.01245454545455
"co","2-ppm",6,"part_5",4,2.01416161616162
"co","2-ppm",6,"part_5",5,2.02021276595745
"co","2-ppm",6,"part_5",6,2.02276595744681
"co","2-ppm",6,"part_5",7,2.01202127659574
"co","2-ppm",6,"part_5",8,2.00766666666667
"co","2-ppm",6,"part_5",9,2.01606382978723
"co","2-ppm",6,"part_5",10,2.02
"co","2-ppm",7,"part_6",1,2.01744680851064
"co","2-ppm",7,"part_6",2,2.01414893617021
"co","2-ppm",7,"part_6",3,2.01009090909091
"co","2-ppm",7,"part_6",4,2.025
"co","2-ppm",7,"part_6",5,2.0181914893617
"co","2-ppm",7,"part_6",6,2.01882978723404
"co","2-ppm",7,"part_6",7,2.02234042553191
"co","2-ppm",7,"part_6",8,2.02170212765957
"co","2-ppm",7,"part_6",9,2.00989361702128
"co","2-ppm",7,"part_6",10,2.01328282828283
"co","4-ppm",1,"ref",1,4.03746428571429
"co","4-ppm",1,"ref",2,4.03407142857143
"co","4-ppm",1,"ref",3,4.01721818181818
"co","4-ppm",1,"ref",4,4.03653571428571
"co","4-ppm",1,"ref",5,4.03204761904762
"co","4-ppm",1,"ref",6,4.03342857142857
"co","4-ppm",1,"ref",7,4.02234545454545
"co","4-ppm",1,"ref",8,4.01196363636364
"co","4-ppm",1,"ref",9,4.03604761904762
"co","4-ppm",1,"ref",10,4.0347619047619
"co","4-ppm",2,"part_1",1,4.0138
"co","4-ppm",2,"part_1",2,4.00483636363636
"co","4-ppm",2,"part_1",3,4.011
"co","4-ppm",2,"part_1",4,4.03707142857143
"co","4-ppm",2,"part_1",5,4.00989090909091
"co","4-ppm",2,"part_1",6,4.01154545454545
"co","4-ppm",2,"part_1",7,4.03488095238095
"co","4-ppm",2,"part_1",8,4.00850909090909
"co","4-ppm",2,"part_1",9,4.00663636363636
"co","4-ppm",2,"part_1",10,4.03867857142857
"co","4-ppm",3,"part_2",1,4.00952727272727
"co","4-ppm",3,"part_2",2,4.03585714285714
"co","4-ppm",3,"part_2",3,4.01081818181818
"co","4-ppm",3,"part_2",4,4.03265476190476
"co","4-ppm",3,"part_2",5,4.03704761904762
"co","4-ppm",3,"part_2",6,4.00841818181818
"co","4-ppm",3,"part_2",7,4.01349090909091
"co","4-ppm",3,"part_2",8,4.01990909090909
"co","4-ppm",3,"part_2",9,4.01472727272727
"co","4-ppm",3,"part_2",10,4.03135714285714
"co","4-ppm",4,"part_3",1,4.01161818181818
"co","4-ppm",4,"part_3",2,4.03567857142857
"co","4-ppm",4,"part_3",3,4.03229761904762
"co","4-ppm",4,"part_3",4,4.01185454545455
"co","4-ppm",4,"part_3",5,4.01561818181818
"co","4-ppm",4,"part_3",6,4.01472727272727
"co","4-ppm",4,"part_3",7,4.00570909090909
"co","4-ppm",4,"part_3",8,4.03765476190476
"co","4-ppm",4,"part_3",9,4.01649090909091
"co","4-ppm",4,"part_3",10,4.00623636363636
"co","4-ppm",5,"part_4",1,4.03596428571429
"co","4-ppm",5,"part_4",2,4.03392857142857
"co","4-ppm",5,"part_4",3,4.03758333333333
"co","4-ppm",5,"part_4",4,4.03619047619048
"co","4-ppm",5,"part_4",5,4.01849090909091
"co","4-ppm",5,"part_4",6,4.00958181818182
"co","4-ppm",5,"part_4",7,4.01
"co","4-ppm",5,"part_4",8,4.01012727272727
"co","4-ppm",5,"part_4",9,4.03383333333333
"co","4-ppm",5,"part_4",10,4.03525
"co","4-ppm",6,"part_5",1,4.03894047619048
"co","4-ppm",6,"part_5",2,4.0344880952381
"co","4-ppm",6,"part_5",3,4.03469047619048
"co","4-ppm",6,"part_5",4,4.01058181818182
"co","4-ppm",6,"part_5",5,4.01347272727273
"co","4-ppm",6,"part_5",6,4.03792857142857
"co","4-ppm",6,"part_5",7,4.00561818181818
"co","4-ppm",6,"part_5",8,4.03367857142857
"co","4-ppm",6,"part_5",9,4.03658333333333
"co","4-ppm",6,"part_5",10,4.00707272727273
"co","4-ppm",7,"part_6",1,4.00843636363636
"co","4-ppm",7,"part_6",2,4.01432727272727
"co","4-ppm",7,"part_6",3,4.0365
"co","4-ppm",7,"part_6",4,4.03511904761905
"co","4-ppm",7,"part_6",5,4.01112727272727
"co","4-ppm",7,"part_6",6,4.03422619047619
"co","4-ppm",7,"part_6",7,4.03553571428571
"co","4-ppm",7,"part_6",8,4.01412727272727
"co","4-ppm",7,"part_6",9,4.01534545454545
"co","4-ppm",7,"part_6",10,4.03391666666667
"co","6-ppm",1,"ref",1,6.05794252873563
"co","6-ppm",1,"ref",2,6.08607142857143
"co","6-ppm",1,"ref",3,6.0624367816092
"co","6-ppm",1,"ref",4,6.06306896551724
"co","6-ppm",1,"ref",5,6.08759523809524
"co","6-ppm",1,"ref",6,6.0598275862069
"co","6-ppm",1,"ref",7,6.05603448275862
"co","6-ppm",1,"ref",8,6.05896551724138
"co","6-ppm",1,"ref",9,6.0595632183908
"co","6-ppm",1,"ref",10,6.08903571428571
"co","6-ppm",2,"part_1",1,6.08607142857143
"co","6-ppm",2,"part_1",2,6.087
"co","6-ppm",2,"part_1",3,6.09075
"co","6-ppm",2,"part_1",4,6.08070238095238
"co","6-ppm",2,"part_1",5,6.06112643678161
"co","6-ppm",2,"part_1",6,6.05847126436782
"co","6-ppm",2,"part_1",7,6.0498275862069
"co","6-ppm",2,"part_1",8,6.086
"co","6-ppm",2,"part_1",9,6.05662068965517
"co","6-ppm",2,"part_1",10,6.06166666666667
"co","6-ppm",3,"part_2",1,6.05896551724138
"co","6-ppm",3,"part_2",2,6.08647619047619
"co","6-ppm",3,"part_2",3,6.06140229885057
"co","6-ppm",3,"part_2",4,6.08554761904762
"co","6-ppm",3,"part_2",5,6.06535632183908
"co","6-ppm",3,"part_2",6,6.08921428571429
"co","6-ppm",3,"part_2",7,6.05841379310345
"co","6-ppm",3,"part_2",8,6.06085057471264
"co","6-ppm",3,"part_2",9,6.08505952380952
"co","6-ppm",3,"part_2",10,6.05804597701149
"co","6-ppm",4,"part_3",1,6.08536904761905
"co","6-ppm",4,"part_3",2,6.08667857142857
"co","6-ppm",4,"part_3",3,6.08694047619048
"co","6-ppm",4,"part_3",4,6.05954022988506
"co","6-ppm",4,"part_3",5,6.06285057471264
"co","6-ppm",4,"part_3",6,6.05755172413793
"co","6-ppm",4,"part_3",7,6.06525287356322
"co","6-ppm",4,"part_3",8,6.08465476190476
"co","6-ppm",4,"part_3",9,6.08233333333333
"co","6-ppm",4,"part_3",10,6.05636781609195
"co","6-ppm",5,"part_4",1,6.06270114942529
"co","6-ppm",5,"part_4",2,6.05534482758621
"co","6-ppm",5,"part_4",3,6.05683908045977
"co","6-ppm",5,"part_4",4,6.0616091954023
"co","6-ppm",5,"part_4",5,6.05931034482759
"co","6-ppm",5,"part_4",6,6.07804761904762
"co","6-ppm",5,"part_4",7,6.08158333333333
"co","6-ppm",5,"part_4",8,6.08827380952381
"co","6-ppm",5,"part_4",9,6.05571264367816
"co","6-ppm",5,"part_4",10,6.06232183908046
"co","6-ppm",6,"part_5",1,6.056
"co","6-ppm",6,"part_5",2,6.08461904761905
"co","6-ppm",6,"part_5",3,6.08505952380952
"co","6-ppm",6,"part_5",4,6.06285057471264
"co","6-ppm",6,"part_5",5,6.08229761904762
"co","6-ppm",6,"part_5",6,6.06452873563218
"co","6-ppm",6,"part_5",7,6.08777380952381
"co","6-ppm",6,"part_5",8,6.05810344827586
"co","6-ppm",6,"part_5",9,6.08625
"co","6-ppm",6,"part_5",10,6.06003448275862
"co","6-ppm",7,"part_6",1,6.06775862068965
"co","6-ppm",7,"part_6",2,6.08138095238095
"co","6-ppm",7,"part_6",3,6.0624367816092
"co","6-ppm",7,"part_6",4,6.05509195402299
"co","6-ppm",7,"part_6",5,6.05968965517241
"co","6-ppm",7,"part_6",6,6.05396551724138
"co","6-ppm",7,"part_6",7,6.08502380952381
"co","6-ppm",7,"part_6",8,6.06449425287356
"co","6-ppm",7,"part_6",9,6.06093103448276
"co","6-ppm",7,"part_6",10,6.05906896551724
"co","8-ppm",1,"ref",1,8.08969565217391
"co","8-ppm",1,"ref",2,8.10071739130435
"co","8-ppm",1,"ref",3,8.09610869565217
"co","8-ppm",1,"ref",4,7.97739215686275
"co","8-ppm",1,"ref",5,7.97969607843137
"co","8-ppm",1,"ref",6,8.09860869565217
"co","8-ppm",1,"ref",7,7.97833333333333
"co","8-ppm",1,"ref",8,8.09866304347826
"co","8-ppm",1,"ref",9,8.09671739130435
"co","8-ppm",1,"ref",10,8.10598913043478
"co","8-ppm",2,"part_1",1,8.10561956521739
"co","8-ppm",2,"part_1",2,8.10601086956522
"co","8-ppm",2,"part_1",3,7.97350980392157
"co","8-ppm",2,"part_1",4,7.97950980392157
"co","8-ppm",2,"part_1",5,7.98196078431373
"co","8-ppm",2,"part_1",6,8.00058823529412
"co","8-ppm",2,"part_1",7,7.96525490196078
"co","8-ppm",2,"part_1",8,8.11425
"co","8-ppm",2,"part_1",9,8.08564130434783
"co","8-ppm",2,"part_1",10,7.97783333333333
"co","8-ppm",3,"part_2",1,8.10466304347826
"co","8-ppm",3,"part_2",2,8.10259782608696
"co","8-ppm",3,"part_2",3,7.98198039215686
"co","8-ppm",3,"part_2",4,8.0839347826087
"co","8-ppm",3,"part_2",5,8.10048913043478
"co","8-ppm",3,"part_2",6,7.98683333333333
"co","8-ppm",3,"part_2",7,8.10194565217391
"co","8-ppm",3,"part_2",8,7.99453921568627
"co","8-ppm",3,"part_2",9,7.98873529411765
"co","8-ppm",3,"part_2",10,7.9781568627451
"co","8-ppm",4,"part_3",1,8.11019565217391
"co","8-ppm",4,"part_3",2,7.98964705882353
"co","8-ppm",4,"part_3",3,7.97246078431373
"co","8-ppm",4,"part_3",4,8.09405434782609
"co","8-ppm",4,"part_3",5,7.9833137254902
"co","8-ppm",4,"part_3",6,8.1035652173913
"co","8-ppm",4,"part_3",7,8.10313043478261
"co","8-ppm",4,"part_3",8,8.1025
"co","8-ppm",4,"part_3",9,8.08369565217391
"co","8-ppm",4,"part_3",10,8.08771739130435
"co","8-ppm",5,"part_4",1,8.0928152173913
"co","8-ppm",5,"part_4",2,7.9733431372549
"co","8-ppm",5,"part_4",3,8.09358695652174
"co","8-ppm",5,"part_4",4,8.09738043478261
"co","8-ppm",5,"part_4",5,7.99113725490196
"co","8-ppm",5,"part_4",6,7.97550980392157
"co","8-ppm",5,"part_4",7,8.09327173913043
"co","8-ppm",5,"part_4",8,7.9803431372549
"co","8-ppm",5,"part_4",9,7.9831862745098
"co","8-ppm",5,"part_4",10,8.09585869565217
"co","8-ppm",6,"part_5",1,7.97686274509804
"co","8-ppm",6,"part_5",2,8.09358695652174
"co","8-ppm",6,"part_5",3,7.98395098039216
"co","8-ppm",6,"part_5",4,7.98338235294118
"co","8-ppm",6,"part_5",5,8.10701086956522
"co","8-ppm",6,"part_5",6,7.96693137254902
"co","8-ppm",6,"part_5",7,7.96302941176471
"co","8-ppm",6,"part_5",8,8.1088152173913
"co","8-ppm",6,"part_5",9,8.10236956521739
"co","8-ppm",6,"part_5",10,7.99994117647059
"co","8-ppm",7,"part_6",1,8.1069347826087
"co","8-ppm",7,"part_6",2,8.10215217391304
"co","8-ppm",7,"part_6",3,7.97801960784314
"co","8-ppm",7,"part_6",4,7.98261764705882
"co","8-ppm",7,"part_6",5,8.10063043478261
"co","8-ppm",7,"part_6",6,8.00119607843137
"co","8-ppm",7,"part_6",7,8.09990217391304
"co","8-ppm",7,"part_6",8,8.10385869565217
"co","8-ppm",7,"part_6",9,8.1051847826087
"co","8-ppm",7,"part_6",10,7.97087254901961
"no","0-ppb",1,"ref",1,0.469388888888889
"no","0-ppb",1,"ref",2,0.663409090909091
"no","0-ppb",1,"ref",3,0.4805
"no","0-ppb",1,"ref",4,0.749204545454545
"no","0-ppb",1,"ref",5,0.459222222222222
"no","0-ppb",1,"ref",6,0.465666666666667
"no","0-ppb",1,"ref",7,0.4275
"no","0-ppb",1,"ref",8,0.456222222222222
"no","0-ppb",1,"ref",9,0.295568181818182
"no","0-ppb",1,"ref",10,0.481666666666667
"no","0-ppb",2,"part_1",1,0.495944444444444
"no","0-ppb",2,"part_1",2,0.655909090909091
"no","0-ppb",2,"part_1",3,0.745568181818182
"no","0-ppb",2,"part_1",4,0.489166666666667
"no","0-ppb",2,"part_1",5,0.623068181818182
"no","0-ppb",2,"part_1",6,0.811022727272727
"no","0-ppb",2,"part_1",7,0.806363636363636
"no","0-ppb",2,"part_1",8,0.464
"no","0-ppb",2,"part_1",9,0.462388888888889
"no","0-ppb",2,"part_1",10,0.643295454545455
"no","0-ppb",3,"part_2",1,0.551931818181818
"no","0-ppb",3,"part_2",2,0.463222222222222
"no","0-ppb",3,"part_2",3,0.675909090909091
"no","0-ppb",3,"part_2",4,0.616590909090909
"no","0-ppb",3,"part_2",5,0.602272727272727
"no","0-ppb",3,"part_2",6,0.570681818181818
"no","0-ppb",3,"part_2",7,0.413333333333333
"no","0-ppb",3,"part_2",8,0.453166666666667
"no","0-ppb",3,"part_2",9,0.426833333333333
"no","0-ppb",3,"part_2",10,0.461166666666667
"no","0-ppb",4,"part_3",1,0.498777777777778
"no","0-ppb",4,"part_3",2,0.407333333333333
"no","0-ppb",4,"part_3",3,0.770568181818182
"no","0-ppb",4,"part_3",4,0.81625
"no","0-ppb",4,"part_3",5,0.611931818181818
"no","0-ppb",4,"part_3",6,0.498222222222222
"no","0-ppb",4,"part_3",7,0.622159090909091
"no","0-ppb",4,"part_3",8,0.460833333333333
"no","0-ppb",4,"part_3",9,0.405277777777778
"no","0-ppb",4,"part_3",10,0.395568181818182
"no","0-ppb",5,"part_4",1,0.432944444444444
"no","0-ppb",5,"part_4",2,0.491222222222222
"no","0-ppb",5,"part_4",3,0.655113636363636
"no","0-ppb",5,"part_4",4,0.808181818181818
"no","0-ppb",5,"part_4",5,0.739090909090909
"no","0-ppb",5,"part_4",6,0.766818181818182
"no","0-ppb",5,"part_4",7,0.4275
"no","0-ppb",5,"part_4",8,0.462777777777778
"no","0-ppb",5,"part_4",9,0.798068181818182
"no","0-ppb",5,"part_4",10,0.470388888888889
"no","0-ppb",6,"part_5",1,0.736022727272727
"no","0-ppb",6,"part_5",2,0.77875
"no","0-ppb",6,"part_5",3,0.782613636363636
"no","0-ppb",6,"part_5",4,0.441722222222222
"no","0-ppb",6,"part_5",5,0.671363636363636
"no","0-ppb",6,"part_5",6,0.444333333333333
"no","0-ppb",6,"part_5",7,0.786590909090909
"no","0-ppb",6,"part_5",8,0.474277777777778
"no","0-ppb",6,"part_5",9,0.441166666666667
"no","0-ppb",6,"part_5",10,0.852840909090909
"no","0-ppb",7,"part_6",1,0.476611111111111
"no","0-ppb",7,"part_6",2,0.776818181818182
"no","0-ppb",7,"part_6",3,0.473944444444444
"no","0-ppb",7,"part_6",4,0.500340909090909
"no","0-ppb",7,"part_6",5,0.446277777777778
"no","0-ppb",7,"part_6",6,0.824886363636364
"no","0-ppb",7,"part_6",7,0.854204545454545
"no","0-ppb",7,"part_6",8,0.390055555555556
"no","0-ppb",7,"part_6",9,0.741704545454545
"no","0-ppb",7,"part_6",10,0.721477272727273
"no","121-ppb",1,"ref",1,120.507509881423
"no","121-ppb",1,"ref",2,120.349011857708
"no","121-ppb",1,"ref",3,120.360079051383
"no","121-ppb",1,"ref",4,120.325691699605
"no","121-ppb",1,"ref",5,120.456126482213
"no","121-ppb",1,"ref",6,120.450197628458
"no","121-ppb",1,"ref",7,120.194466403162
"no","121-ppb",1,"ref",8,120.352964426877
"no","121-ppb",1,"ref",9,120.317786561265
"no","121-ppb",1,"ref",10,120.325296442688
"no","121-ppb",2,"part_1",1,120.392885375494
"no","121-ppb",2,"part_1",2,120.49209486166
"no","121-ppb",2,"part_1",3,120.389723320158
"no","121-ppb",2,"part_1",4,120.438735177866
"no","121-ppb",2,"part_1",5,120.423320158103
"no","121-ppb",2,"part_1",6,120.324110671937
"no","121-ppb",2,"part_1",7,120.345059288538
"no","121-ppb",2,"part_1",8,120.274308300395
"no","121-ppb",2,"part_1",9,120.328063241107
"no","121-ppb",2,"part_1",10,120.333596837945
"no","121-ppb",3,"part_2",1,120.279841897233
"no","121-ppb",3,"part_2",2,120.478260869565
"no","121-ppb",3,"part_2",3,120.396442687747
"no","121-ppb",3,"part_2",4,120.350592885375
"no","121-ppb",3,"part_2",5,120.401581027668
"no","121-ppb",3,"part_2",6,120.370750988142
"no","121-ppb",3,"part_2",7,120.364822134387
"no","121-ppb",3,"part_2",8,120.306324110672
"no","121-ppb",3,"part_2",9,120.394861660079
"no","121-ppb",3,"part_2",10,120.262055335968
"no","121-ppb",4,"part_3",1,120.32766798419
"no","121-ppb",4,"part_3",2,120.381818181818
"no","121-ppb",4,"part_3",3,120.288932806324
"no","121-ppb",4,"part_3",4,120.346245059289
"no","121-ppb",4,"part_3",5,120.494466403162
"no","121-ppb",4,"part_3",6,120.403557312253
"no","121-ppb",4,"part_3",7,120.385375494071
"no","121-ppb",4,"part_3",8,120.315019762846
"no","121-ppb",4,"part_3",9,120.362055335968
"no","121-ppb",4,"part_3",10,120.297233201581
"no","121-ppb",5,"part_4",1,120.389723320158
"no","121-ppb",5,"part_4",2,120.286166007905
"no","121-ppb",5,"part_4",3,120.416205533597
"no","121-ppb",5,"part_4",4,120.369169960474
"no","121-ppb",5,"part_4",5,120.346640316206
"no","121-ppb",5,"part_4",6,120.311462450593
"no","121-ppb",5,"part_4",7,120.293280632411
"no","121-ppb",5,"part_4",8,120.290118577075
"no","121-ppb",5,"part_4",9,120.273122529644
"no","121-ppb",5,"part_4",10,120.301185770751
"no","121-ppb",6,"part_5",1,120.498814229249
"no","121-ppb",6,"part_5",2,120.383003952569
"no","121-ppb",6,"part_5",3,120.432015810277
"no","121-ppb",6,"part_5",4,120.47233201581
"no","121-ppb",6,"part_5",5,120.333596837945
"no","121-ppb",6,"part_5",6,120.326482213439
"no","121-ppb",6,"part_5",7,120.394861660079
"no","121-ppb",6,"part_5",8,120.25256916996
"no","121-ppb",6,"part_5",9,120.293675889328
"no","121-ppb",6,"part_5",10,120.462055335968
"no","121-ppb",7,"part_6",1,120.349802371542
"no","121-ppb",7,"part_6",2,120.228853754941
"no","121-ppb",7,"part_6",3,120.39604743083
"no","121-ppb",7,"part_6",4,120.381027667984
"no","121-ppb",7,"part_6",5,120.192490118577
"no","121-ppb",7,"part_6",6,120.307114624506
"no","121-ppb",7,"part_6",7,120.481422924901
"no","121-ppb",7,"part_6",8,120.120158102767
"no","121-ppb",7,"part_6",9,120.339130434783
"no","121-ppb",7,"part_6",10,120.386561264822
"no","122-ppb",1,"ref",1,40.7026744186047
"no","122-ppb",1,"ref",2,40.7479069767442
"no","122-ppb",1,"ref",3,40.8211627906977
"no","122-ppb",1,"ref",4,40.7438372093023
"no","122-ppb",1,"ref",5,40.7710465116279
"no","122-ppb",1,"ref",6,40.758488372093
"no","122-ppb",1,"ref",7,40.6993023255814
"no","122-ppb",1,"ref",8,40.7203488372093
"no","122-ppb",1,"ref",9,40.7406976744186
"no","122-ppb",1,"ref",10,40.6929069767442
"no","122-ppb",2,"part_1",1,40.7747674418605
"no","122-ppb",2,"part_1",2,40.6694186046512
"no","122-ppb",2,"part_1",3,40.763488372093
"no","122-ppb",2,"part_1",4,40.6967441860465
"no","122-ppb",2,"part_1",5,40.6796511627907
"no","122-ppb",2,"part_1",6,40.7098837209302
"no","122-ppb",2,"part_1",7,40.7194186046512
"no","122-ppb",2,"part_1",8,40.7386046511628
"no","122-ppb",2,"part_1",9,40.7320930232558
"no","122-ppb",2,"part_1",10,40.68
"no","122-ppb",3,"part_2",1,40.7976744186047
"no","122-ppb",3,"part_2",2,40.87
"no","122-ppb",3,"part_2",3,40.7844186046512
"no","122-ppb",3,"part_2",4,40.6056976744186
"no","122-ppb",3,"part_2",5,40.7758139534884
"no","122-ppb",3,"part_2",6,40.6494186046512
"no","122-ppb",3,"part_2",7,40.7354651162791
"no","122-ppb",3,"part_2",8,40.7233720930233
"no","122-ppb",3,"part_2",9,40.7937209302326
"no","122-ppb",3,"part_2",10,40.6354651162791
"no","122-ppb",4,"part_3",1,40.7117441860465
"no","122-ppb",4,"part_3",2,40.7109302325581
"no","122-ppb",4,"part_3",3,40.7275581395349
"no","122-ppb",4,"part_3",4,40.7117441860465
"no","122-ppb",4,"part_3",5,40.6691860465116
"no","122-ppb",4,"part_3",6,40.7063953488372
"no","122-ppb",4,"part_3",7,40.7593023255814
"no","122-ppb",4,"part_3",8,40.7231395348837
"no","122-ppb",4,"part_3",9,40.6867441860465
"no","122-ppb",4,"part_3",10,40.7555813953488
"no","122-ppb",5,"part_4",1,40.7154651162791
"no","122-ppb",5,"part_4",2,40.7910465116279
"no","122-ppb",5,"part_4",3,40.7336046511628
"no","122-ppb",5,"part_4",4,40.6312790697674
"no","122-ppb",5,"part_4",5,40.6994186046512
"no","122-ppb",5,"part_4",6,40.7937209302326
"no","122-ppb",5,"part_4",7,40.6540697674419
"no","122-ppb",5,"part_4",8,40.698488372093
"no","122-ppb",5,"part_4",9,40.7663953488372
"no","122-ppb",5,"part_4",10,40.7160465116279
"no","122-ppb",6,"part_5",1,40.7093023255814
"no","122-ppb",6,"part_5",2,40.6998837209302
"no","122-ppb",6,"part_5",3,40.7160465116279
"no","122-ppb",6,"part_5",4,40.8083720930233
"no","122-ppb",6,"part_5",5,40.775
"no","122-ppb",6,"part_5",6,40.7539534883721
"no","122-ppb",6,"part_5",7,40.7663953488372
"no","122-ppb",6,"part_5",8,40.7201162790698
"no","122-ppb",6,"part_5",9,40.6586046511628
"no","122-ppb",6,"part_5",10,40.7723255813954
"no","122-ppb",7,"part_6",1,40.8123255813953
"no","122-ppb",7,"part_6",2,40.8411627906977
"no","122-ppb",7,"part_6",3,40.6782558139535
"no","122-ppb",7,"part_6",4,40.7482558139535
"no","122-ppb",7,"part_6",5,40.7236046511628
"no","122-ppb",7,"part_6",6,40.7066279069767
"no","122-ppb",7,"part_6",7,40.6939534883721
"no","122-ppb",7,"part_6",8,40.7340697674419
"no","122-ppb",7,"part_6",9,40.6687209302326
"no","122-ppb",7,"part_6",10,40.7086046511628
"no","180-ppb",1,"ref",1,181.984444444444
"no","180-ppb",1,"ref",2,182.590099009901
"no","180-ppb",1,"ref",3,182.028888888889
"no","180-ppb",1,"ref",4,181.927777777778
"no","180-ppb",1,"ref",5,182.101111111111
"no","180-ppb",1,"ref",6,181.963333333333
"no","180-ppb",1,"ref",7,182.054444444444
"no","180-ppb",1,"ref",8,182.479207920792
"no","180-ppb",1,"ref",9,181.964444444444
"no","180-ppb",1,"ref",10,182.023333333333
"no","180-ppb",2,"part_1",1,182.082222222222
"no","180-ppb",2,"part_1",2,181.903333333333
"no","180-ppb",2,"part_1",3,182.024444444444
"no","180-ppb",2,"part_1",4,182.39603960396
"no","180-ppb",2,"part_1",5,182.526732673267
"no","180-ppb",2,"part_1",6,182.611881188119
"no","180-ppb",2,"part_1",7,181.966666666667
"no","180-ppb",2,"part_1",8,182.375247524752
"no","180-ppb",2,"part_1",9,181.948888888889
"no","180-ppb",2,"part_1",10,182.343564356436
"no","180-ppb",3,"part_2",1,182.028888888889
"no","180-ppb",3,"part_2",2,181.992222222222
"no","180-ppb",3,"part_2",3,181.958888888889
"no","180-ppb",3,"part_2",4,182.547524752475
"no","180-ppb",3,"part_2",5,181.947777777778
"no","180-ppb",3,"part_2",6,182.092222222222
"no","180-ppb",3,"part_2",7,181.94
"no","180-ppb",3,"part_2",8,182.359405940594
"no","180-ppb",3,"part_2",9,182.507920792079
"no","180-ppb",3,"part_2",10,182.608910891089
"no","180-ppb",4,"part_3",1,181.795555555556
"no","180-ppb",4,"part_3",2,182.046666666667
"no","180-ppb",4,"part_3",3,182.283168316832
"no","180-ppb",4,"part_3",4,182.363366336634
"no","180-ppb",4,"part_3",5,182.368316831683
"no","180-ppb",4,"part_3",6,182.482178217822
"no","180-ppb",4,"part_3",7,182.145555555556
"no","180-ppb",4,"part_3",8,182.595049504951
"no","180-ppb",4,"part_3",9,182.364356435644
"no","180-ppb",4,"part_3",10,182.044444444444
"no","180-ppb",5,"part_4",1,182.632673267327
"no","180-ppb",5,"part_4",2,182.458415841584
"no","180-ppb",5,"part_4",3,182.360396039604
"no","180-ppb",5,"part_4",4,182.271287128713
"no","180-ppb",5,"part_4",5,181.956666666667
"no","180-ppb",5,"part_4",6,182.375247524752
"no","180-ppb",5,"part_4",7,182.038888888889
"no","180-ppb",5,"part_4",8,181.997777777778
"no","180-ppb",5,"part_4",9,182.375247524752
"no","180-ppb",5,"part_4",10,182.359405940594
"no","180-ppb",6,"part_5",1,181.918888888889
"no","180-ppb",6,"part_5",2,182.054444444444
"no","180-ppb",6,"part_5",3,182.516831683168
"no","180-ppb",6,"part_5",4,182.054444444444
"no","180-ppb",6,"part_5",5,182.004444444444
"no","180-ppb",6,"part_5",6,182.01
"no","180-ppb",6,"part_5",7,181.982222222222
"no","180-ppb",6,"part_5",8,182.475247524752
"no","180-ppb",6,"part_5",9,181.992222222222
"no","180-ppb",6,"part_5",10,182.032222222222
"no","180-ppb",7,"part_6",1,182.032222222222
"no","180-ppb",7,"part_6",2,182.552475247525
"no","180-ppb",7,"part_6",3,181.962222222222
"no","180-ppb",7,"part_6",4,182.588118811881
"no","180-ppb",7,"part_6",5,182.012222222222
"no","180-ppb",7,"part_6",6,182.464356435644
"no","180-ppb",7,"part_6",7,182.011111111111
"no","180-ppb",7,"part_6",8,182.429702970297
"no","180-ppb",7,"part_6",9,182.249504950495
"no","180-ppb",7,"part_6",10,182.50297029703
"no","181-ppb",1,"ref",1,180.219565217391
"no","181-ppb",1,"ref",2,180.271739130435
"no","181-ppb",1,"ref",3,180.342391304348
"no","181-ppb",1,"ref",4,180.242391304348
"no","181-ppb",1,"ref",5,180.308695652174
"no","181-ppb",1,"ref",6,180.369565217391
"no","181-ppb",1,"ref",7,180.180434782609
"no","181-ppb",1,"ref",8,180.183695652174
"no","181-ppb",1,"ref",9,180.026086956522
"no","181-ppb",1,"ref",10,180.346739130435
"no","181-ppb",2,"part_1",1,180.130434782609
"no","181-ppb",2,"part_1",2,180.18152173913
"no","181-ppb",2,"part_1",3,180.08152173913
"no","181-ppb",2,"part_1",4,180.139130434783
"no","181-ppb",2,"part_1",5,180.075
"no","181-ppb",2,"part_1",6,180.309782608696
"no","181-ppb",2,"part_1",7,180.182608695652
"no","181-ppb",2,"part_1",8,180.121739130435
"no","181-ppb",2,"part_1",9,180.05652173913
"no","181-ppb",2,"part_1",10,180.266304347826
"no","181-ppb",3,"part_2",1,180.279347826087
"no","181-ppb",3,"part_2",2,180.097826086957
"no","181-ppb",3,"part_2",3,180.35652173913
"no","181-ppb",3,"part_2",4,180.172826086957
"no","181-ppb",3,"part_2",5,180.291304347826
"no","181-ppb",3,"part_2",6,180.15
"no","181-ppb",3,"part_2",7,180.01847826087
"no","181-ppb",3,"part_2",8,180.240217391304
"no","181-ppb",3,"part_2",9,179.976086956522
"no","181-ppb",3,"part_2",10,180.234782608696
"no","181-ppb",4,"part_3",1,180.234782608696
"no","181-ppb",4,"part_3",2,180.397826086957
"no","181-ppb",4,"part_3",3,180.359782608696
"no","181-ppb",4,"part_3",4,180.260869565217
"no","181-ppb",4,"part_3",5,180.165217391304
"no","181-ppb",4,"part_3",6,179.982608695652
"no","181-ppb",4,"part_3",7,180.247826086957
"no","181-ppb",4,"part_3",8,180.173913043478
"no","181-ppb",4,"part_3",9,180.198913043478
"no","181-ppb",4,"part_3",10,180.234782608696
"no","181-ppb",5,"part_4",1,180.161956521739
"no","181-ppb",5,"part_4",2,180.184782608696
"no","181-ppb",5,"part_4",3,180.119565217391
"no","181-ppb",5,"part_4",4,180.263043478261
"no","181-ppb",5,"part_4",5,180.36847826087
"no","181-ppb",5,"part_4",6,180.242391304348
"no","181-ppb",5,"part_4",7,180.14347826087
"no","181-ppb",5,"part_4",8,180.327173913043
"no","181-ppb",5,"part_4",9,180.20652173913
"no","181-ppb",5,"part_4",10,180.23152173913
"no","181-ppb",6,"part_5",1,180.258695652174
"no","181-ppb",6,"part_5",2,180.210869565217
"no","181-ppb",6,"part_5",3,180.439130434783
"no","181-ppb",6,"part_5",4,180.219565217391
"no","181-ppb",6,"part_5",5,180.35
"no","181-ppb",6,"part_5",6,180.158695652174
"no","181-ppb",6,"part_5",7,180.15652173913
"no","181-ppb",6,"part_5",8,180.195652173913
"no","181-ppb",6,"part_5",9,180.277173913043
"no","181-ppb",6,"part_5",10,180.169565217391
"no","181-ppb",7,"part_6",1,180.276086956522
"no","181-ppb",7,"part_6",2,180.21847826087
"no","181-ppb",7,"part_6",3,180.277173913043
"no","181-ppb",7,"part_6",4,180.18152173913
"no","181-ppb",7,"part_6",5,180.230434782609
"no","181-ppb",7,"part_6",6,180.207608695652
"no","181-ppb",7,"part_6",7,180.166304347826
"no","181-ppb",7,"part_6",8,180.110869565217
"no","181-ppb",7,"part_6",9,180.173913043478
"no","181-ppb",7,"part_6",10,180.282608695652
"no","182-ppb",1,"ref",1,76.233164556962
"no","182-ppb",1,"ref",2,76.0445569620253
"no","182-ppb",1,"ref",3,75.5415189873418
"no","182-ppb",1,"ref",4,75.9703797468354
"no","182-ppb",1,"ref",5,75.8894936708861
"no","182-ppb",1,"ref",6,75.2345569620253
"no","182-ppb",1,"ref",7,76.3216455696203
"no","182-ppb",1,"ref",8,75.2592405063291
"no","182-ppb",1,"ref",9,75.8653164556962
"no","182-ppb",1,"ref",10,75.9308860759494
"no","182-ppb",2,"part_1",1,76.3511392405063
"no","182-ppb",2,"part_1",2,75.9212658227848
"no","182-ppb",2,"part_1",3,76.0396202531646
"no","182-ppb",2,"part_1",4,76.2188607594937
"no","182-ppb",2,"part_1",5,75.7794936708861
"no","182-ppb",2,"part_1",6,76.6715189873418
"no","182-ppb",2,"part_1",7,76.0508860759494
"no","182-ppb",2,"part_1",8,75.5803797468354
"no","182-ppb",2,"part_1",9,75.5415189873418
"no","182-ppb",2,"part_1",10,76.1577215189873
"no","182-ppb",3,"part_2",1,75.4149367088608
"no","182-ppb",3,"part_2",2,76.2525316455696
"no","182-ppb",3,"part_2",3,75.8606329113924
"no","182-ppb",3,"part_2",4,76.2759493670886
"no","182-ppb",3,"part_2",5,75.9294936708861
"no","182-ppb",3,"part_2",6,76.3058227848101
"no","182-ppb",3,"part_2",7,75.9067088607595
"no","182-ppb",3,"part_2",8,76.0911392405063
"no","182-ppb",3,"part_2",9,75.96
"no","182-ppb",3,"part_2",10,76.0607594936709
"no","182-ppb",4,"part_3",1,76.2894936708861
"no","182-ppb",4,"part_3",2,76.0212658227848
"no","182-ppb",4,"part_3",3,75.8894936708861
"no","182-ppb",4,"part_3",4,76.5130379746835
"no","182-ppb",4,"part_3",5,75.8808860759494
"no","182-ppb",4,"part_3",6,76.1205063291139
"no","182-ppb",4,"part_3",7,76.5222784810127
"no","182-ppb",4,"part_3",8,76.0298734177215
"no","182-ppb",4,"part_3",9,76.1684810126582
"no","182-ppb",4,"part_3",10,76.0396202531646
"no","182-ppb",5,"part_4",1,76.249746835443
"no","182-ppb",5,"part_4",2,76.4215189873418
"no","182-ppb",5,"part_4",3,76.8213924050633
"no","182-ppb",5,"part_4",4,75.9981012658228
"no","182-ppb",5,"part_4",5,76.3789873417722
"no","182-ppb",5,"part_4",6,75.906835443038
"no","182-ppb",5,"part_4",7,76.0672151898734
"no","182-ppb",5,"part_4",8,76.3770886075949
"no","182-ppb",5,"part_4",9,76.1249367088608
"no","182-ppb",5,"part_4",10,76.1793670886076
"no","182-ppb",6,"part_5",1,76.2525316455696
"no","182-ppb",6,"part_5",2,75.6293670886076
"no","182-ppb",6,"part_5",3,75.8959493670886
"no","182-ppb",6,"part_5",4,75.4255696202532
"no","182-ppb",6,"part_5",5,75.5803797468354
"no","182-ppb",6,"part_5",6,76.363164556962
"no","182-ppb",6,"part_5",7,75.8191139240506
"no","182-ppb",6,"part_5",8,75.8505063291139
"no","182-ppb",6,"part_5",9,75.8653164556962
"no","182-ppb",6,"part_5",10,76.1253164556962
"no","182-ppb",7,"part_6",1,76.7850632911392
"no","182-ppb",7,"part_6",2,76.2260759493671
"no","182-ppb",7,"part_6",3,75.6459493670886
"no","182-ppb",7,"part_6",4,76.073164556962
"no","182-ppb",7,"part_6",5,76.3770886075949
"no","182-ppb",7,"part_6",6,76.1284810126582
"no","182-ppb",7,"part_6",7,76.8084810126582
"no","182-ppb",7,"part_6",8,75.776329113924
"no","182-ppb",7,"part_6",9,76.0622784810127
"no","182-ppb",7,"part_6",10,76.29
"no","42-ppb",1,"ref",1,24.0722352941176
"no","42-ppb",1,"ref",2,24.3718235294118
"no","42-ppb",1,"ref",3,23.504
"no","42-ppb",1,"ref",4,26.3748823529412
"no","42-ppb",1,"ref",5,24.7506470588235
"no","42-ppb",1,"ref",6,26.8685294117647
"no","42-ppb",1,"ref",7,25.811
"no","42-ppb",1,"ref",8,25.4474705882353
"no","42-ppb",1,"ref",9,27.0914705882353
"no","42-ppb",1,"ref",10,25.8248235294118
"no","42-ppb",2,"part_1",1,23.9395294117647
"no","42-ppb",2,"part_1",2,22.0447058823529
"no","42-ppb",2,"part_1",3,25.6374705882353
"no","42-ppb",2,"part_1",4,25.4773529411765
"no","42-ppb",2,"part_1",5,24.7719411764706
"no","42-ppb",2,"part_1",6,23.6464705882353
"no","42-ppb",2,"part_1",7,25.8017058823529
"no","42-ppb",2,"part_1",8,26.1727647058824
"no","42-ppb",2,"part_1",9,23.8769411764706
"no","42-ppb",2,"part_1",10,26.1520588235294
"no","42-ppb",3,"part_2",1,24.9206470588235
"no","42-ppb",3,"part_2",2,26.5748823529412
"no","42-ppb",3,"part_2",3,24.9139411764706
"no","42-ppb",3,"part_2",4,23.147
"no","42-ppb",3,"part_2",5,24.0261176470588
"no","42-ppb",3,"part_2",6,22.9612941176471
"no","42-ppb",3,"part_2",7,25.4388823529412
"no","42-ppb",3,"part_2",8,26.1602941176471
"no","42-ppb",3,"part_2",9,23.3081176470588
"no","42-ppb",3,"part_2",10,25.6578823529412
"no","42-ppb",4,"part_3",1,24.1452941176471
"no","42-ppb",4,"part_3",2,22.9612941176471
"no","42-ppb",4,"part_3",3,24.5723529411765
"no","42-ppb",4,"part_3",4,24.2165294117647
"no","42-ppb",4,"part_3",5,25.3139411764706
"no","42-ppb",4,"part_3",6,24.4357647058824
"no","42-ppb",4,"part_3",7,23.8534117647059
"no","42-ppb",4,"part_3",8,25.0773529411765
"no","42-ppb",4,"part_3",9,22.7264705882353
"no","42-ppb",4,"part_3",10,24.9139411764706
"no","42-ppb",5,"part_4",1,25.9887647058824
"no","42-ppb",5,"part_4",2,23.8019411764706
"no","42-ppb",5,"part_4",3,25.8888823529412
"no","42-ppb",5,"part_4",4,24.5717058823529
"no","42-ppb",5,"part_4",5,25.4711176470588
"no","42-ppb",5,"part_4",6,25.2940588235294
"no","42-ppb",5,"part_4",7,25.4989411764706
"no","42-ppb",5,"part_4",8,24.0763529411765
"no","42-ppb",5,"part_4",9,25.1392352941176
"no","42-ppb",5,"part_4",10,25.9961764705882
"no","42-ppb",6,"part_5",1,26.1727647058824
"no","42-ppb",6,"part_5",2,25.6962352941176
"no","42-ppb",6,"part_5",3,26.0123529411765
"no","42-ppb",6,"part_5",4,25.6364705882353
"no","42-ppb",6,"part_5",5,22.4647647058824
"no","42-ppb",6,"part_5",6,25.6393529411765
"no","42-ppb",6,"part_5",7,24.7155294117647
"no","42-ppb",6,"part_5",8,24.5288823529412
"no","42-ppb",6,"part_5",9,23.5503529411765
"no","42-ppb",6,"part_5",10,25.3139411764706
"no","42-ppb",7,"part_6",1,26.7034705882353
"no","42-ppb",7,"part_6",2,25.6393529411765
"no","42-ppb",7,"part_6",3,25.489
"no","42-ppb",7,"part_6",4,24.7522352941176
"no","42-ppb",7,"part_6",5,24.1959411764706
"no","42-ppb",7,"part_6",6,25.1004705882353
"no","42-ppb",7,"part_6",7,26.1968823529412
"no","42-ppb",7,"part_6",8,25.4527647058824
"no","42-ppb",7,"part_6",9,23.3978235294118
"no","42-ppb",7,"part_6",10,24.7213529411765
"no","81-ppb",1,"ref",1,80.62
"no","81-ppb",1,"ref",2,80.7109615384615
"no","81-ppb",1,"ref",3,80.7844230769231
"no","81-ppb",1,"ref",4,80.6334615384615
"no","81-ppb",1,"ref",5,80.6190384615385
"no","81-ppb",1,"ref",6,80.7201923076923
"no","81-ppb",1,"ref",7,80.6917307692308
"no","81-ppb",1,"ref",8,80.6703846153846
"no","81-ppb",1,"ref",9,80.6696153846154
"no","81-ppb",1,"ref",10,80.6840384615385
"no","81-ppb",2,"part_1",1,80.6488461538462
"no","81-ppb",2,"part_1",2,80.6732692307692
"no","81-ppb",2,"part_1",3,80.6790384615385
"no","81-ppb",2,"part_1",4,80.6988461538461
"no","81-ppb",2,"part_1",5,80.6290384615385
"no","81-ppb",2,"part_1",6,80.7434615384615
"no","81-ppb",2,"part_1",7,80.5388461538462
"no","81-ppb",2,"part_1",8,80.6263461538462
"no","81-ppb",2,"part_1",9,80.7101923076923
"no","81-ppb",2,"part_1",10,80.6609615384615
"no","81-ppb",3,"part_2",1,80.6417307692308
"no","81-ppb",3,"part_2",2,80.6244230769231
"no","81-ppb",3,"part_2",3,80.6386538461538
"no","81-ppb",3,"part_2",4,80.6303846153846
"no","81-ppb",3,"part_2",5,80.7151923076923
"no","81-ppb",3,"part_2",6,80.6759615384615
"no","81-ppb",3,"part_2",7,80.6409615384615
"no","81-ppb",3,"part_2",8,80.6871153846154
"no","81-ppb",3,"part_2",9,80.6465384615385
"no","81-ppb",3,"part_2",10,80.6221153846154
"no","81-ppb",4,"part_3",1,80.6553846153846
"no","81-ppb",4,"part_3",2,80.6594230769231
"no","81-ppb",4,"part_3",3,80.6748076923077
"no","81-ppb",4,"part_3",4,80.7263461538462
"no","81-ppb",4,"part_3",5,80.6534615384615
"no","81-ppb",4,"part_3",6,80.7405769230769
"no","81-ppb",4,"part_3",7,80.6026923076923
"no","81-ppb",4,"part_3",8,80.6598076923077
"no","81-ppb",4,"part_3",9,80.6790384615385
"no","81-ppb",4,"part_3",10,80.7067307692308
"no","81-ppb",5,"part_4",1,80.6615384615385
"no","81-ppb",5,"part_4",2,80.6609615384615
"no","81-ppb",5,"part_4",3,80.7094230769231
"no","81-ppb",5,"part_4",4,80.6409615384615
"no","81-ppb",5,"part_4",5,80.6582692307692
"no","81-ppb",5,"part_4",6,80.7075
"no","81-ppb",5,"part_4",7,80.67
"no","81-ppb",5,"part_4",8,80.6334615384615
"no","81-ppb",5,"part_4",9,80.7388461538462
"no","81-ppb",5,"part_4",10,80.7211538461539
"no","81-ppb",6,"part_5",1,80.6511538461538
"no","81-ppb",6,"part_5",2,80.6457692307692
"no","81-ppb",6,"part_5",3,80.6659615384615
"no","81-ppb",6,"part_5",4,80.6953846153846
"no","81-ppb",6,"part_5",5,80.6821153846154
"no","81-ppb",6,"part_5",6,80.7315384615385
"no","81-ppb",6,"part_5",7,80.6838461538462
"no","81-ppb",6,"part_5",8,80.7509615384615
"no","81-ppb",6,"part_5",9,80.7942307692308
"no","81-ppb",6,"part_5",10,80.7294230769231
"no","81-ppb",7,"part_6",1,80.6026923076923
"no","81-ppb",7,"part_6",2,80.6642307692308
"no","81-ppb",7,"part_6",3,80.6878846153846
"no","81-ppb",7,"part_6",4,80.7215384615385
"no","81-ppb",7,"part_6",5,80.69
"no","81-ppb",7,"part_6",6,80.6475
"no","81-ppb",7,"part_6",7,80.7040384615385
"no","81-ppb",7,"part_6",8,80.6257692307692
"no","81-ppb",7,"part_6",9,80.6942307692308
"no","81-ppb",7,"part_6",10,80.7001923076923
"no","82-ppb",1,"ref",1,25.7584615384615
"no","82-ppb",1,"ref",2,25.6223076923077
"no","82-ppb",1,"ref",3,25.7854945054945
"no","82-ppb",1,"ref",4,25.6956043956044
"no","82-ppb",1,"ref",5,25.6965934065934
"no","82-ppb",1,"ref",6,25.7476923076923
"no","82-ppb",1,"ref",7,25.5737362637363
"no","82-ppb",1,"ref",8,25.8398901098901
"no","82-ppb",1,"ref",9,25.6192307692308
"no","82-ppb",1,"ref",10,25.6924175824176
"no","82-ppb",2,"part_1",1,25.7282417582418
"no","82-ppb",2,"part_1",2,25.7689010989011
"no","82-ppb",2,"part_1",3,25.6174725274725
"no","82-ppb",2,"part_1",4,25.6507692307692
"no","82-ppb",2,"part_1",5,25.5748351648352
"no","82-ppb",2,"part_1",6,25.6475824175824
"no","82-ppb",2,"part_1",7,25.6863736263736
"no","82-ppb",2,"part_1",8,25.7974725274725
"no","82-ppb",2,"part_1",9,25.960989010989
"no","82-ppb",2,"part_1",10,25.6161538461538
"no","82-ppb",3,"part_2",1,25.5587912087912
"no","82-ppb",3,"part_2",2,25.6858241758242
"no","82-ppb",3,"part_2",3,25.8603296703297
"no","82-ppb",3,"part_2",4,25.6357142857143
"no","82-ppb",3,"part_2",5,25.7213186813187
"no","82-ppb",3,"part_2",6,25.7854945054945
"no","82-ppb",3,"part_2",7,25.6858241758242
"no","82-ppb",3,"part_2",8,25.7262637362637
"no","82-ppb",3,"part_2",9,25.7352747252747
"no","82-ppb",3,"part_2",10,25.5931868131868
"no","82-ppb",4,"part_3",1,25.4558241758242
"no","82-ppb",4,"part_3",2,25.7
"no","82-ppb",4,"part_3",3,25.7854945054945
"no","82-ppb",4,"part_3",4,25.8106593406593
"no","82-ppb",4,"part_3",5,25.7291208791209
"no","82-ppb",4,"part_3",6,25.7069230769231
"no","82-ppb",4,"part_3",7,25.5618681318681
"no","82-ppb",4,"part_3",8,25.7651648351648
"no","82-ppb",4,"part_3",9,25.752967032967
"no","82-ppb",4,"part_3",10,25.6004395604396
"no","82-ppb",5,"part_4",1,25.5997802197802
"no","82-ppb",5,"part_4",2,25.6986813186813
"no","82-ppb",5,"part_4",3,25.6412087912088
"no","82-ppb",5,"part_4",4,25.7158241758242
"no","82-ppb",5,"part_4",5,25.5726373626374
"no","82-ppb",5,"part_4",6,25.7163736263736
"no","82-ppb",5,"part_4",7,25.7450549450549
"no","82-ppb",5,"part_4",8,25.6113186813187
"no","82-ppb",5,"part_4",9,25.7315384615385
"no","82-ppb",5,"part_4",10,25.7734065934066
"no","82-ppb",6,"part_5",1,25.5332967032967
"no","82-ppb",6,"part_5",2,25.7353846153846
"no","82-ppb",6,"part_5",3,25.5930769230769
"no","82-ppb",6,"part_5",4,25.5691208791209
"no","82-ppb",6,"part_5",5,25.5735164835165
"no","82-ppb",6,"part_5",6,25.613956043956
"no","82-ppb",6,"part_5",7,25.8417582417582
"no","82-ppb",6,"part_5",8,25.5894505494506
"no","82-ppb",6,"part_5",9,25.7213186813187
"no","82-ppb",6,"part_5",10,25.7582417582418
"no","82-ppb",7,"part_6",1,25.6143956043956
"no","82-ppb",7,"part_6",2,25.8154945054945
"no","82-ppb",7,"part_6",3,25.7163736263736
"no","82-ppb",7,"part_6",4,25.5814285714286
"no","82-ppb",7,"part_6",5,25.6941758241758
"no","82-ppb",7,"part_6",6,25.5327472527473
"no","82-ppb",7,"part_6",7,25.6893406593407
"no","82-ppb",7,"part_6",8,25.6050549450549
"no","82-ppb",7,"part_6",9,25.5608791208791
"no","82-ppb",7,"part_6",10,25.7481318681319
"no2","0-ppb",1,"ref",1,-0.0166970091027308
"no2","0-ppb",1,"ref",2,-0.00035110533159948
"no2","0-ppb",1,"ref",3,-0.0218465539661899
"no2","0-ppb",1,"ref",4,-0.0259297789336801
"no2","0-ppb",1,"ref",5,-0.0175162548764629
"no2","0-ppb",1,"ref",6,-0.0518335500650195
"no2","0-ppb",1,"ref",7,-0.141664499349805
"no2","0-ppb",1,"ref",8,-0.126085825747724
"no2","0-ppb",1,"ref",9,-0.00447334200260078
"no2","0-ppb",1,"ref",10,-0.0166970091027308
"no2","0-ppb",2,"part_1",1,0.328820224719101
"no2","0-ppb",2,"part_1",2,-0.0337451235370611
"no2","0-ppb",2,"part_1",3,-0.0587126137841352
"no2","0-ppb",2,"part_1",4,0.258483146067416
"no2","0-ppb",2,"part_1",5,0.0964239271781534
"no2","0-ppb",2,"part_1",6,0.0494018205461638
"no2","0-ppb",2,"part_1",7,0.283314606741573
"no2","0-ppb",2,"part_1",8,0.0506762028608582
"no2","0-ppb",2,"part_1",9,-0.0493498049414824
"no2","0-ppb",2,"part_1",10,-0.0315864759427828
"no2","0-ppb",3,"part_2",1,0.162359550561798
"no2","0-ppb",3,"part_2",2,0.255730337078652
"no2","0-ppb",3,"part_2",3,0.325898876404494
"no2","0-ppb",3,"part_2",4,0.253314606741573
"no2","0-ppb",3,"part_2",5,0.400955056179775
"no2","0-ppb",3,"part_2",6,0.325898876404494
"no2","0-ppb",3,"part_2",7,0.277134831460674
"no2","0-ppb",3,"part_2",8,0.243707865168539
"no2","0-ppb",3,"part_2",9,0.237640449438202
"no2","0-ppb",3,"part_2",10,-0.00953185955786737
"no2","0-ppb",4,"part_3",1,0.319438202247191
"no2","0-ppb",4,"part_3",2,-0.022925877763329
"no2","0-ppb",4,"part_3",3,-0.0625227568270481
"no2","0-ppb",4,"part_3",4,0.347134831460674
"no2","0-ppb",4,"part_3",5,-0.118075422626788
"no2","0-ppb",4,"part_3",6,0.344325842696629
"no2","0-ppb",4,"part_3",7,0.324943820224719
"no2","0-ppb",4,"part_3",8,0.275056179775281
"no2","0-ppb",4,"part_3",9,0.41314606741573
"no2","0-ppb",4,"part_3",10,0.297303370786517
"no2","0-ppb",5,"part_4",1,0.319719101123596
"no2","0-ppb",5,"part_4",2,0.361910112359551
"no2","0-ppb",5,"part_4",3,0.239831460674157
"no2","0-ppb",5,"part_4",4,0.0324187256176853
"no2","0-ppb",5,"part_4",5,0.266741573033708
"no2","0-ppb",5,"part_4",6,0.211573033707865
"no2","0-ppb",5,"part_4",7,-0.0227958387516255
"no2","0-ppb",5,"part_4",8,-0.0600390117035111
"no2","0-ppb",5,"part_4",9,0.338595505617978
"no2","0-ppb",5,"part_4",10,0.258314606741573
"no2","0-ppb",6,"part_5",1,-0.0311703511053316
"no2","0-ppb",6,"part_5",2,-0.0614694408322497
"no2","0-ppb",6,"part_5",3,0.0163459037711313
"no2","0-ppb",6,"part_5",4,0.330224719101124
"no2","0-ppb",6,"part_5",5,0.330337078651685
"no2","0-ppb",6,"part_5",6,0.267247191011236
"no2","0-ppb",6,"part_5",7,0.00410923276983095
"no2","0-ppb",6,"part_5",8,0.191292134831461
"no2","0-ppb",6,"part_5",9,-0.0567100130039012
"no2","0-ppb",6,"part_5",10,-0.143120936280884
"no2","0-ppb",7,"part_6",1,-0.163992197659298
"no2","0-ppb",7,"part_6",2,0.173289986996099
"no2","0-ppb",7,"part_6",3,0.0433420026007802
"no2","0-ppb",7,"part_6",4,0.283988764044944
"no2","0-ppb",7,"part_6",5,0.342696629213483
"no2","0-ppb",7,"part_6",6,-0.0300390117035111
"no2","0-ppb",7,"part_6",7,-0.115812743823147
"no2","0-ppb",7,"part_6",8,0.269438202247191
"no2","0-ppb",7,"part_6",9,0.310842696629213
"no2","0-ppb",7,"part_6",10,0.218707865168539
"no2","120-ppb",1,"ref",1,123.06582278481
"no2","120-ppb",1,"ref",2,122.979746835443
"no2","120-ppb",1,"ref",3,122.883544303797
"no2","120-ppb",1,"ref",4,123.375949367089
"no2","120-ppb",1,"ref",5,123.079746835443
"no2","120-ppb",1,"ref",6,122.564556962025
"no2","120-ppb",1,"ref",7,122.159493670886
"no2","120-ppb",1,"ref",8,122.941772151899
"no2","120-ppb",1,"ref",9,122.562025316456
"no2","120-ppb",1,"ref",10,123.688607594937
"no2","120-ppb",2,"part_1",1,123.201265822785
"no2","120-ppb",2,"part_1",2,123.267088607595
"no2","120-ppb",2,"part_1",3,123.145569620253
"no2","120-ppb",2,"part_1",4,123.478481012658
"no2","120-ppb",2,"part_1",5,122.96582278481
"no2","120-ppb",2,"part_1",6,123.203797468354
"no2","120-ppb",2,"part_1",7,123.318987341772
"no2","120-ppb",2,"part_1",8,123.151898734177
"no2","120-ppb",2,"part_1",9,122.920253164557
"no2","120-ppb",2,"part_1",10,123.450632911392
"no2","120-ppb",3,"part_2",1,123.518987341772
"no2","120-ppb",3,"part_2",2,123.111392405063
"no2","120-ppb",3,"part_2",3,122.559493670886
"no2","120-ppb",3,"part_2",4,123.112658227848
"no2","120-ppb",3,"part_2",5,123.13417721519
"no2","120-ppb",3,"part_2",6,123.103797468354
"no2","120-ppb",3,"part_2",7,122.991139240506
"no2","120-ppb",3,"part_2",8,122.46835443038
"no2","120-ppb",3,"part_2",9,122.632911392405
"no2","120-ppb",3,"part_2",10,123.074683544304
"no2","120-ppb",4,"part_3",1,122.763291139241
"no2","120-ppb",4,"part_3",2,122.650632911392
"no2","120-ppb",4,"part_3",3,122.192405063291
"no2","120-ppb",4,"part_3",4,122.548101265823
"no2","120-ppb",4,"part_3",5,122.287341772152
"no2","120-ppb",4,"part_3",6,123.450632911392
"no2","120-ppb",4,"part_3",7,122.559493670886
"no2","120-ppb",4,"part_3",8,122.66582278481
"no2","120-ppb",4,"part_3",9,123.418987341772
"no2","120-ppb",4,"part_3",10,122.76835443038
"no2","120-ppb",5,"part_4",1,122.683544303797
"no2","120-ppb",5,"part_4",2,123.343037974684
"no2","120-ppb",5,"part_4",3,122.932911392405
"no2","120-ppb",5,"part_4",4,123.19746835443
"no2","120-ppb",5,"part_4",5,122.889873417722
"no2","120-ppb",5,"part_4",6,122.889873417722
"no2","120-ppb",5,"part_4",7,122.592405063291
"no2","120-ppb",5,"part_4",8,122.658227848101
"no2","120-ppb",5,"part_4",9,122.326582278481
"no2","120-ppb",5,"part_4",10,122.69746835443
"no2","120-ppb",6,"part_5",1,122.743037974684
"no2","120-ppb",6,"part_5",2,123.394936708861
"no2","120-ppb",6,"part_5",3,122.215189873418
"no2","120-ppb",6,"part_5",4,123.372151898734
"no2","120-ppb",6,"part_5",5,122.415189873418
"no2","120-ppb",6,"part_5",6,123.316455696203
"no2","120-ppb",6,"part_5",7,123.408860759494
"no2","120-ppb",6,"part_5",8,122.763291139241
"no2","120-ppb",6,"part_5",9,123.126582278481
"no2","120-ppb",6,"part_5",10,123.1
"no2","120-ppb",7,"part_6",1,122.210126582278
"no2","120-ppb",7,"part_6",2,123.175949367089
"no2","120-ppb",7,"part_6",3,122.475949367089
"no2","120-ppb",7,"part_6",4,122.562025316456
"no2","120-ppb",7,"part_6",5,122.636708860759
"no2","120-ppb",7,"part_6",6,123.035443037975
"no2","120-ppb",7,"part_6",7,123.439240506329
"no2","120-ppb",7,"part_6",8,122.764556962025
"no2","120-ppb",7,"part_6",9,122.741772151899
"no2","120-ppb",7,"part_6",10,123.026582278481
"no2","30-ppb",1,"ref",1,32.9670238095238
"no2","30-ppb",1,"ref",2,32.8853571428571
"no2","30-ppb",1,"ref",3,32.8959523809524
"no2","30-ppb",1,"ref",4,33.0003571428571
"no2","30-ppb",1,"ref",5,32.8522619047619
"no2","30-ppb",1,"ref",6,32.934880952381
"no2","30-ppb",1,"ref",7,32.897619047619
"no2","30-ppb",1,"ref",8,32.9775
"no2","30-ppb",1,"ref",9,32.9829761904762
"no2","30-ppb",1,"ref",10,32.94
"no2","30-ppb",2,"part_1",1,32.9915476190476
"no2","30-ppb",2,"part_1",2,32.8880952380952
"no2","30-ppb",2,"part_1",3,32.8854761904762
"no2","30-ppb",2,"part_1",4,32.9286904761905
"no2","30-ppb",2,"part_1",5,32.8991666666667
"no2","30-ppb",2,"part_1",6,32.950119047619
"no2","30-ppb",2,"part_1",7,32.9672619047619
"no2","30-ppb",2,"part_1",8,32.885
"no2","30-ppb",2,"part_1",9,32.9183333333333
"no2","30-ppb",2,"part_1",10,32.8745238095238
"no2","30-ppb",3,"part_2",1,32.9702380952381
"no2","30-ppb",3,"part_2",2,32.9136904761905
"no2","30-ppb",3,"part_2",3,33.0478571428571
"no2","30-ppb",3,"part_2",4,32.9092857142857
"no2","30-ppb",3,"part_2",5,32.9084523809524
"no2","30-ppb",3,"part_2",6,32.9684523809524
"no2","30-ppb",3,"part_2",7,32.9291666666667
"no2","30-ppb",3,"part_2",8,32.8984523809524
"no2","30-ppb",3,"part_2",9,32.9136904761905
"no2","30-ppb",3,"part_2",10,32.9658333333333
"no2","30-ppb",4,"part_3",1,32.9538095238095
"no2","30-ppb",4,"part_3",2,32.9266666666667
"no2","30-ppb",4,"part_3",3,32.9078571428571
"no2","30-ppb",4,"part_3",4,32.8833333333333
"no2","30-ppb",4,"part_3",5,32.9604761904762
"no2","30-ppb",4,"part_3",6,32.9395238095238
"no2","30-ppb",4,"part_3",7,32.8825
"no2","30-ppb",4,"part_3",8,32.914880952381
"no2","30-ppb",4,"part_3",9,32.8735714285714
"no2","30-ppb",4,"part_3",10,32.9505952380952
"no2","30-ppb",5,"part_4",1,32.9177380952381
"no2","30-ppb",5,"part_4",2,32.9389285714286
"no2","30-ppb",5,"part_4",3,32.9134523809524
"no2","30-ppb",5,"part_4",4,32.8980952380952
"no2","30-ppb",5,"part_4",5,32.9269047619048
"no2","30-ppb",5,"part_4",6,32.9742857142857
"no2","30-ppb",5,"part_4",7,32.8833333333333
"no2","30-ppb",5,"part_4",8,32.9545238095238
"no2","30-ppb",5,"part_4",9,32.8714285714286
"no2","30-ppb",5,"part_4",10,32.8666666666667
"no2","30-ppb",6,"part_5",1,32.885
"no2","30-ppb",6,"part_5",2,32.8408333333333
"no2","30-ppb",6,"part_5",3,32.7919047619048
"no2","30-ppb",6,"part_5",4,32.8582142857143
"no2","30-ppb",6,"part_5",5,32.8961904761905
"no2","30-ppb",6,"part_5",6,32.8853571428571
"no2","30-ppb",6,"part_5",7,32.9432142857143
"no2","30-ppb",6,"part_5",8,32.9438095238095
"no2","30-ppb",6,"part_5",9,32.9814285714286
"no2","30-ppb",6,"part_5",10,32.9188095238095
"no2","30-ppb",7,"part_6",1,32.9546428571429
"no2","30-ppb",7,"part_6",2,32.9319047619048
"no2","30-ppb",7,"part_6",3,32.8733333333333
"no2","30-ppb",7,"part_6",4,32.909880952381
"no2","30-ppb",7,"part_6",5,32.9259523809524
"no2","30-ppb",7,"part_6",6,32.8271428571429
"no2","30-ppb",7,"part_6",7,32.9569047619048
"no2","30-ppb",7,"part_6",8,32.8878571428571
"no2","30-ppb",7,"part_6",9,32.8666666666667
"no2","30-ppb",7,"part_6",10,32.8416666666667
"no2","60-ppb",1,"ref",1,64.7234065934066
"no2","60-ppb",1,"ref",2,65.0715384615385
"no2","60-ppb",1,"ref",3,64.7608791208791
"no2","60-ppb",1,"ref",4,65.4004395604396
"no2","60-ppb",1,"ref",5,64.9857142857143
"no2","60-ppb",1,"ref",6,65.089010989011
"no2","60-ppb",1,"ref",7,64.7256043956044
"no2","60-ppb",1,"ref",8,64.3984615384615
"no2","60-ppb",1,"ref",9,64.7905494505494
"no2","60-ppb",1,"ref",10,65.0546153846154
"no2","60-ppb",2,"part_1",1,65.1462637362637
"no2","60-ppb",2,"part_1",2,64.9567032967033
"no2","60-ppb",2,"part_1",3,64.9524175824176
"no2","60-ppb",2,"part_1",4,64.6830769230769
"no2","60-ppb",2,"part_1",5,65.2696703296703
"no2","60-ppb",2,"part_1",6,64.9216483516484
"no2","60-ppb",2,"part_1",7,64.3247252747253
"no2","60-ppb",2,"part_1",8,64.4221978021978
"no2","60-ppb",2,"part_1",9,64.9772527472527
"no2","60-ppb",2,"part_1",10,65.0384615384615
"no2","60-ppb",3,"part_2",1,65.271978021978
"no2","60-ppb",3,"part_2",2,64.7595604395604
"no2","60-ppb",3,"part_2",3,65.0227472527473
"no2","60-ppb",3,"part_2",4,64.8217582417582
"no2","60-ppb",3,"part_2",5,64.6594505494506
"no2","60-ppb",3,"part_2",6,64.7236263736264
"no2","60-ppb",3,"part_2",7,64.5882417582418
"no2","60-ppb",3,"part_2",8,64.6838461538461
"no2","60-ppb",3,"part_2",9,64.9143956043956
"no2","60-ppb",3,"part_2",10,65.5337362637363
"no2","60-ppb",4,"part_3",1,64.9857142857143
"no2","60-ppb",4,"part_3",2,64.1735164835165
"no2","60-ppb",4,"part_3",3,65.1306593406593
"no2","60-ppb",4,"part_3",4,64.8335164835165
"no2","60-ppb",4,"part_3",5,64.9291208791209
"no2","60-ppb",4,"part_3",6,64.9253846153846
"no2","60-ppb",4,"part_3",7,65.4516483516484
"no2","60-ppb",4,"part_3",8,65.3635164835165
"no2","60-ppb",4,"part_3",9,64.7313186813187
"no2","60-ppb",4,"part_3",10,64.256043956044
"no2","60-ppb",5,"part_4",1,64.7420879120879
"no2","60-ppb",5,"part_4",2,65.3279120879121
"no2","60-ppb",5,"part_4",3,64.4010989010989
"no2","60-ppb",5,"part_4",4,64.8012087912088
"no2","60-ppb",5,"part_4",5,64.7056043956044
"no2","60-ppb",5,"part_4",6,65.2265934065934
"no2","60-ppb",5,"part_4",7,64.4374725274725
"no2","60-ppb",5,"part_4",8,65.5337362637363
"no2","60-ppb",5,"part_4",9,64.9707692307692
"no2","60-ppb",5,"part_4",10,65.0601098901099
"no2","60-ppb",6,"part_5",1,65.499010989011
"no2","60-ppb",6,"part_5",2,65.0185714285714
"no2","60-ppb",6,"part_5",3,64.7134065934066
"no2","60-ppb",6,"part_5",4,64.8061538461538
"no2","60-ppb",6,"part_5",5,65.2374725274725
"no2","60-ppb",6,"part_5",6,65.2126373626374
"no2","60-ppb",6,"part_5",7,65.0918681318681
"no2","60-ppb",6,"part_5",8,64.7496703296703
"no2","60-ppb",6,"part_5",9,64.7905494505494
"no2","60-ppb",6,"part_5",10,64.8692307692308
"no2","60-ppb",7,"part_6",1,65.1226373626374
"no2","60-ppb",7,"part_6",2,64.7094505494506
"no2","60-ppb",7,"part_6",3,65.2006593406593
"no2","60-ppb",7,"part_6",4,65.2374725274725
"no2","60-ppb",7,"part_6",5,64.5708791208791
"no2","60-ppb",7,"part_6",6,65.2998901098901
"no2","60-ppb",7,"part_6",7,65.2374725274725
"no2","60-ppb",7,"part_6",8,65.0839560439561
"no2","60-ppb",7,"part_6",9,64.931978021978
"no2","60-ppb",7,"part_6",10,64.9617582417582
"no2","90-ppb",1,"ref",1,96.8531395348837
"no2","90-ppb",1,"ref",2,96.8682558139535
"no2","90-ppb",1,"ref",3,96.8775581395349
"no2","90-ppb",1,"ref",4,96.8759302325581
"no2","90-ppb",1,"ref",5,96.8593023255814
"no2","90-ppb",1,"ref",6,96.8586046511628
"no2","90-ppb",1,"ref",7,96.8188372093023
"no2","90-ppb",1,"ref",8,96.8163953488372
"no2","90-ppb",1,"ref",9,96.8896511627907
"no2","90-ppb",1,"ref",10,96.9041860465116
"no2","90-ppb",2,"part_1",1,96.7874418604651
"no2","90-ppb",2,"part_1",2,96.8087209302326
"no2","90-ppb",2,"part_1",3,96.8620930232558
"no2","90-ppb",2,"part_1",4,96.7948837209302
"no2","90-ppb",2,"part_1",5,96.8588372093023
"no2","90-ppb",2,"part_1",6,96.8304651162791
"no2","90-ppb",2,"part_1",7,96.8511627906977
"no2","90-ppb",2,"part_1",8,96.838488372093
"no2","90-ppb",2,"part_1",9,96.8137209302326
"no2","90-ppb",2,"part_1",10,96.8197674418605
"no2","90-ppb",3,"part_2",1,96.91
"no2","90-ppb",3,"part_2",2,96.8520930232558
"no2","90-ppb",3,"part_2",3,96.8270930232558
"no2","90-ppb",3,"part_2",4,96.8420930232558
"no2","90-ppb",3,"part_2",5,96.8544186046512
"no2","90-ppb",3,"part_2",6,96.7881395348837
"no2","90-ppb",3,"part_2",7,96.8652325581395
"no2","90-ppb",3,"part_2",8,96.8402325581395
"no2","90-ppb",3,"part_2",9,96.7788372093023
"no2","90-ppb",3,"part_2",10,96.831511627907
"no2","90-ppb",4,"part_3",1,96.738023255814
"no2","90-ppb",4,"part_3",2,96.9224418604651
"no2","90-ppb",4,"part_3",3,96.8420930232558
"no2","90-ppb",4,"part_3",4,96.8326744186047
"no2","90-ppb",4,"part_3",5,96.8204651162791
"no2","90-ppb",4,"part_3",6,96.811511627907
"no2","90-ppb",4,"part_3",7,96.803488372093
"no2","90-ppb",4,"part_3",8,96.8232558139535
"no2","90-ppb",4,"part_3",9,96.7847674418605
"no2","90-ppb",4,"part_3",10,96.9129069767442
"no2","90-ppb",5,"part_4",1,96.878488372093
"no2","90-ppb",5,"part_4",2,96.8281395348837
"no2","90-ppb",5,"part_4",3,96.8532558139535
"no2","90-ppb",5,"part_4",4,96.7377906976744
"no2","90-ppb",5,"part_4",5,96.8560465116279
"no2","90-ppb",5,"part_4",6,96.9058139534884
"no2","90-ppb",5,"part_4",7,96.8470930232558
"no2","90-ppb",5,"part_4",8,96.9109302325581
"no2","90-ppb",5,"part_4",9,96.8323255813954
"no2","90-ppb",5,"part_4",10,96.8740697674419
"no2","90-ppb",6,"part_5",1,96.8263953488372
"no2","90-ppb",6,"part_5",2,96.8326744186047
"no2","90-ppb",6,"part_5",3,96.8191860465116
"no2","90-ppb",6,"part_5",4,96.8622093023256
"no2","90-ppb",6,"part_5",5,96.8452325581395
"no2","90-ppb",6,"part_5",6,96.8323255813954
"no2","90-ppb",6,"part_5",7,96.8189534883721
"no2","90-ppb",6,"part_5",8,96.8123255813953
"no2","90-ppb",6,"part_5",9,96.8582558139535
"no2","90-ppb",6,"part_5",10,96.8996511627907
"no2","90-ppb",7,"part_6",1,96.8254651162791
"no2","90-ppb",7,"part_6",2,96.8452325581395
"no2","90-ppb",7,"part_6",3,96.8141860465116
"no2","90-ppb",7,"part_6",4,96.8061627906977
"no2","90-ppb",7,"part_6",5,96.8244186046512
"no2","90-ppb",7,"part_6",6,96.8160465116279
"no2","90-ppb",7,"part_6",7,96.8443023255814
"no2","90-ppb",7,"part_6",8,96.866511627907
"no2","90-ppb",7,"part_6",9,96.946511627907
"no2","90-ppb",7,"part_6",10,96.8458139534884
"o3","0-ppb",1,"ref",1,3.2258064516129e-05
"o3","0-ppb",1,"ref",2,9.67741935483871e-05
"o3","0-ppb",1,"ref",3,0
"o3","0-ppb",1,"ref",4,3.2258064516129e-05
"o3","0-ppb",1,"ref",5,3.2258064516129e-05
"o3","0-ppb",1,"ref",6,0
"o3","0-ppb",1,"ref",7,0
"o3","0-ppb",1,"ref",8,0
"o3","0-ppb",1,"ref",9,3.2258064516129e-05
"o3","0-ppb",1,"ref",10,6.45161290322581e-05
"o3","0-ppb",2,"part_1",1,0
"o3","0-ppb",2,"part_1",2,0
"o3","0-ppb",2,"part_1",3,6.45161290322581e-05
"o3","0-ppb",2,"part_1",4,3.2258064516129e-05
"o3","0-ppb",2,"part_1",5,6.45161290322581e-05
"o3","0-ppb",2,"part_1",6,6.45161290322581e-05
"o3","0-ppb",2,"part_1",7,3.2258064516129e-05
"o3","0-ppb",2,"part_1",8,3.2258064516129e-05
"o3","0-ppb",2,"part_1",9,0
"o3","0-ppb",2,"part_1",10,3.2258064516129e-05
"o3","0-ppb",3,"part_2",1,0
"o3","0-ppb",3,"part_2",2,3.2258064516129e-05
"o3","0-ppb",3,"part_2",3,3.2258064516129e-05
"o3","0-ppb",3,"part_2",4,0
"o3","0-ppb",3,"part_2",5,0
"o3","0-ppb",3,"part_2",6,0
"o3","0-ppb",3,"part_2",7,0
"o3","0-ppb",3,"part_2",8,3.2258064516129e-05
"o3","0-ppb",3,"part_2",9,0
"o3","0-ppb",3,"part_2",10,0
"o3","0-ppb",4,"part_3",1,3.2258064516129e-05
"o3","0-ppb",4,"part_3",2,6.45161290322581e-05
"o3","0-ppb",4,"part_3",3,0
"o3","0-ppb",4,"part_3",4,0
"o3","0-ppb",4,"part_3",5,9.67741935483871e-05
"o3","0-ppb",4,"part_3",6,3.2258064516129e-05
"o3","0-ppb",4,"part_3",7,0
"o3","0-ppb",4,"part_3",8,3.2258064516129e-05
"o3","0-ppb",4,"part_3",9,6.45161290322581e-05
"o3","0-ppb",4,"part_3",10,0
"o3","0-ppb",5,"part_4",1,3.2258064516129e-05
"o3","0-ppb",5,"part_4",2,3.2258064516129e-05
"o3","0-ppb",5,"part_4",3,3.2258064516129e-05
"o3","0-ppb",5,"part_4",4,6.45161290322581e-05
"o3","0-ppb",5,"part_4",5,6.45161290322581e-05
"o3","0-ppb",5,"part_4",6,3.2258064516129e-05
"o3","0-ppb",5,"part_4",7,0
"o3","0-ppb",5,"part_4",8,3.2258064516129e-05
"o3","0-ppb",5,"part_4",9,0
"o3","0-ppb",5,"part_4",10,6.45161290322581e-05
"o3","0-ppb",6,"part_5",1,0
"o3","0-ppb",6,"part_5",2,3.2258064516129e-05
"o3","0-ppb",6,"part_5",3,6.45161290322581e-05
"o3","0-ppb",6,"part_5",4,6.45161290322581e-05
"o3","0-ppb",6,"part_5",5,0
"o3","0-ppb",6,"part_5",6,0
"o3","0-ppb",6,"part_5",7,6.45161290322581e-05
"o3","0-ppb",6,"part_5",8,0
"o3","0-ppb",6,"part_5",9,3.2258064516129e-05
"o3","0-ppb",6,"part_5",10,0
"o3","0-ppb",7,"part_6",1,0
"o3","0-ppb",7,"part_6",2,3.2258064516129e-05
"o3","0-ppb",7,"part_6",3,0
"o3","0-ppb",7,"part_6",4,6.45161290322581e-05
"o3","0-ppb",7,"part_6",5,0
"o3","0-ppb",7,"part_6",6,3.2258064516129e-05
"o3","0-ppb",7,"part_6",7,0
"o3","0-ppb",7,"part_6",8,3.2258064516129e-05
"o3","0-ppb",7,"part_6",9,6.45161290322581e-05
"o3","0-ppb",7,"part_6",10,0
"o3","120-ppb",1,"ref",1,120.697088888889
"o3","120-ppb",1,"ref",2,120.681388888889
"o3","120-ppb",1,"ref",3,120.742411111111
"o3","120-ppb",1,"ref",4,119.098981308411
"o3","120-ppb",1,"ref",5,120.653155555556
"o3","120-ppb",1,"ref",6,120.640822222222
"o3","120-ppb",1,"ref",7,119.149598130841
"o3","120-ppb",1,"ref",8,119.143579439252
"o3","120-ppb",1,"ref",9,120.654244444444
"o3","120-ppb",1,"ref",10,119.149018691589
"o3","120-ppb",2,"part_1",1,119.143280373832
"o3","120-ppb",2,"part_1",2,120.671933333333
"o3","120-ppb",2,"part_1",3,120.726588888889
"o3","120-ppb",2,"part_1",4,119.075700934579
"o3","120-ppb",2,"part_1",5,119.14985046729
"o3","120-ppb",2,"part_1",6,119.082102803738
"o3","120-ppb",2,"part_1",7,120.6465
"o3","120-ppb",2,"part_1",8,119.157551401869
"o3","120-ppb",2,"part_1",9,120.722477777778
"o3","120-ppb",2,"part_1",10,120.699111111111
"o3","120-ppb",3,"part_2",1,119.141775700935
"o3","120-ppb",3,"part_2",2,119.157682242991
"o3","120-ppb",3,"part_2",3,120.6818
"o3","120-ppb",3,"part_2",4,119.197018691589
"o3","120-ppb",3,"part_2",5,120.711888888889
"o3","120-ppb",3,"part_2",6,119.169439252336
"o3","120-ppb",3,"part_2",7,120.772566666667
"o3","120-ppb",3,"part_2",8,119.05114953271
"o3","120-ppb",3,"part_2",9,119.059663551402
"o3","120-ppb",3,"part_2",10,119.035121495327
"o3","120-ppb",4,"part_3",1,119.149018691589
"o3","120-ppb",4,"part_3",2,118.972981308411
"o3","120-ppb",4,"part_3",3,119.081654205607
"o3","120-ppb",4,"part_3",4,120.706022222222
"o3","120-ppb",4,"part_3",5,120.673966666667
"o3","120-ppb",4,"part_3",6,119.143579439252
"o3","120-ppb",4,"part_3",7,120.692066666667
"o3","120-ppb",4,"part_3",8,120.749777777778
"o3","120-ppb",4,"part_3",9,118.996271028037
"o3","120-ppb",4,"part_3",10,120.782144444444
"o3","120-ppb",5,"part_4",1,120.636177777778
"o3","120-ppb",5,"part_4",2,120.577911111111
"o3","120-ppb",5,"part_4",3,120.6743
"o3","120-ppb",5,"part_4",4,120.676788888889
"o3","120-ppb",5,"part_4",5,119.075373831776
"o3","120-ppb",5,"part_4",6,120.635222222222
"o3","120-ppb",5,"part_4",7,120.750088888889
"o3","120-ppb",5,"part_4",8,120.654122222222
"o3","120-ppb",5,"part_4",9,118.991971962617
"o3","120-ppb",5,"part_4",10,120.692066666667
"o3","120-ppb",6,"part_5",1,119.054925233645
"o3","120-ppb",6,"part_5",2,119.218710280374
"o3","120-ppb",6,"part_5",3,119.157308411215
"o3","120-ppb",6,"part_5",4,119.049186915888
"o3","120-ppb",6,"part_5",5,120.683755555556
"o3","120-ppb",6,"part_5",6,119.075308411215
"o3","120-ppb",6,"part_5",7,120.7144
"o3","120-ppb",6,"part_5",8,119.046794392523
"o3","120-ppb",6,"part_5",9,119.110672897196
"o3","120-ppb",6,"part_5",10,120.761088888889
"o3","120-ppb",7,"part_6",1,119.126401869159
"o3","120-ppb",7,"part_6",2,119.131822429907
"o3","120-ppb",7,"part_6",3,119.162411214953
"o3","120-ppb",7,"part_6",4,120.752133333333
"o3","120-ppb",7,"part_6",5,119.284691588785
"o3","120-ppb",7,"part_6",6,120.772566666667
"o3","120-ppb",7,"part_6",7,120.729455555556
"o3","120-ppb",7,"part_6",8,119.06946728972
"o3","120-ppb",7,"part_6",9,120.660977777778
"o3","120-ppb",7,"part_6",10,120.701111111111
"o3","180-ppb",1,"ref",1,180.386463157895
"o3","180-ppb",1,"ref",2,180.448680851064
"o3","180-ppb",1,"ref",3,176.517840909091
"o3","180-ppb",1,"ref",4,176.414242424242
"o3","180-ppb",1,"ref",5,176.489583333333
"o3","180-ppb",1,"ref",6,176.189575757576
"o3","180-ppb",1,"ref",7,180.426347368421
"o3","180-ppb",1,"ref",8,180.43829787234
"o3","180-ppb",1,"ref",9,180.359989130435
"o3","180-ppb",1,"ref",10,176.468159090909
"o3","180-ppb",2,"part_1",1,180.459505263158
"o3","180-ppb",2,"part_1",2,176.407325757576
"o3","180-ppb",2,"part_1",3,176.460333333333
"o3","180-ppb",2,"part_1",4,180.303559139785
"o3","180-ppb",2,"part_1",5,176.353492424242
"o3","180-ppb",2,"part_1",6,176.548257575758
"o3","180-ppb",2,"part_1",7,176.290856060606
"o3","180-ppb",2,"part_1",8,180.434835164835
"o3","180-ppb",2,"part_1",9,180.39252173913
"o3","180-ppb",2,"part_1",10,176.526303030303
"o3","180-ppb",3,"part_2",1,176.350522727273
"o3","180-ppb",3,"part_2",2,176.466606060606
"o3","180-ppb",3,"part_2",3,180.356537634409
"o3","180-ppb",3,"part_2",4,180.413021276596
"o3","180-ppb",3,"part_2",5,180.342914893617
"o3","180-ppb",3,"part_2",6,180.583559139785
"o3","180-ppb",3,"part_2",7,180.370795698925
"o3","180-ppb",3,"part_2",8,180.355787234043
"o3","180-ppb",3,"part_2",9,176.6895
"o3","180-ppb",3,"part_2",10,176.346257575758
"o3","180-ppb",4,"part_3",1,176.667431818182
"o3","180-ppb",4,"part_3",2,176.381992424242
"o3","180-ppb",4,"part_3",3,176.400022727273
"o3","180-ppb",4,"part_3",4,176.395575757576
"o3","180-ppb",4,"part_3",5,176.431416666667
"o3","180-ppb",4,"part_3",6,180.467861702128
"o3","180-ppb",4,"part_3",7,180.41479787234
"o3","180-ppb",4,"part_3",8,176.50828030303
"o3","180-ppb",4,"part_3",9,176.407295454545
"o3","180-ppb",4,"part_3",10,180.190355555556
"o3","180-ppb",5,"part_4",1,176.389734848485
"o3","180-ppb",5,"part_4",2,176.270833333333
"o3","180-ppb",5,"part_4",3,176.220696969697
"o3","180-ppb",5,"part_4",4,180.488863157895
"o3","180-ppb",5,"part_4",5,180.451568421053
"o3","180-ppb",5,"part_4",6,180.415095744681
"o3","180-ppb",5,"part_4",7,180.251105263158
"o3","180-ppb",5,"part_4",8,180.513957894737
"o3","180-ppb",5,"part_4",9,176.323643939394
"o3","180-ppb",5,"part_4",10,180.362484210526
"o3","180-ppb",6,"part_5",1,180.283150537634
"o3","180-ppb",6,"part_5",2,176.55371969697
"o3","180-ppb",6,"part_5",3,180.24364893617
"o3","180-ppb",6,"part_5",4,180.431206521739
"o3","180-ppb",6,"part_5",5,176.474893939394
"o3","180-ppb",6,"part_5",6,176.267446969697
"o3","180-ppb",6,"part_5",7,176.629212121212
"o3","180-ppb",6,"part_5",8,176.522568181818
"o3","180-ppb",6,"part_5",9,180.436757894737
"o3","180-ppb",6,"part_5",10,180.434835164835
"o3","180-ppb",7,"part_6",1,176.335181818182
"o3","180-ppb",7,"part_6",2,176.323545454545
"o3","180-ppb",7,"part_6",3,180.49811827957
"o3","180-ppb",7,"part_6",4,180.513462365591
"o3","180-ppb",7,"part_6",5,176.445507575758
"o3","180-ppb",7,"part_6",6,180.512073684211
"o3","180-ppb",7,"part_6",7,176.411325757576
"o3","180-ppb",7,"part_6",8,180.394515789474
"o3","180-ppb",7,"part_6",9,176.384977272727
"o3","180-ppb",7,"part_6",10,180.5105
"o3","40-ppb",1,"ref",1,40.7854302325581
"o3","40-ppb",1,"ref",2,40.8687790697674
"o3","40-ppb",1,"ref",3,40.1455353535354
"o3","40-ppb",1,"ref",4,40.2907272727273
"o3","40-ppb",1,"ref",5,40.1888787878788
"o3","40-ppb",1,"ref",6,40.2457474747475
"o3","40-ppb",1,"ref",7,40.9012674418605
"o3","40-ppb",1,"ref",8,40.8261046511628
"o3","40-ppb",1,"ref",9,40.1684141414141
"o3","40-ppb",1,"ref",10,40.8264302325581
"o3","40-ppb",2,"part_1",1,40.8916279069767
"o3","40-ppb",2,"part_1",2,40.8673023255814
"o3","40-ppb",2,"part_1",3,40.2145656565657
"o3","40-ppb",2,"part_1",4,40.2419393939394
"o3","40-ppb",2,"part_1",5,40.8166860465116
"o3","40-ppb",2,"part_1",6,40.8423604651163
"o3","40-ppb",2,"part_1",7,40.1906060606061
"o3","40-ppb",2,"part_1",8,40.1208484848485
"o3","40-ppb",2,"part_1",9,40.8659186046512
"o3","40-ppb",2,"part_1",10,40.8930697674419
"o3","40-ppb",3,"part_2",1,40.2343737373737
"o3","40-ppb",3,"part_2",2,40.8067441860465
"o3","40-ppb",3,"part_2",3,40.1880505050505
"o3","40-ppb",3,"part_2",4,40.1905555555556
"o3","40-ppb",3,"part_2",5,40.9183139534884
"o3","40-ppb",3,"part_2",6,40.1989797979798
"o3","40-ppb",3,"part_2",7,40.9263488372093
"o3","40-ppb",3,"part_2",8,40.1959898989899
"o3","40-ppb",3,"part_2",9,40.8327906976744
"o3","40-ppb",3,"part_2",10,40.8345930232558
"o3","40-ppb",4,"part_3",1,40.8213720930233
"o3","40-ppb",4,"part_3",2,40.3322323232323
"o3","40-ppb",4,"part_3",3,40.2378080808081
"o3","40-ppb",4,"part_3",4,40.9033372093023
"o3","40-ppb",4,"part_3",5,40.7856046511628
"o3","40-ppb",4,"part_3",6,40.2275555555556
"o3","40-ppb",4,"part_3",7,40.1809797979798
"o3","40-ppb",4,"part_3",8,40.2323232323232
"o3","40-ppb",4,"part_3",9,40.2165353535354
"o3","40-ppb",4,"part_3",10,40.8419302325581
"o3","40-ppb",5,"part_4",1,40.2703838383838
"o3","40-ppb",5,"part_4",2,40.7812906976744
"o3","40-ppb",5,"part_4",3,40.2347676767677
"o3","40-ppb",5,"part_4",4,40.208404040404
"o3","40-ppb",5,"part_4",5,40.8443837209302
"o3","40-ppb",5,"part_4",6,40.9403604651163
"o3","40-ppb",5,"part_4",7,40.2623939393939
"o3","40-ppb",5,"part_4",8,40.1834141414141
"o3","40-ppb",5,"part_4",9,40.2639191919192
"o3","40-ppb",5,"part_4",10,40.2240808080808
"o3","40-ppb",6,"part_5",1,40.8353604651163
"o3","40-ppb",6,"part_5",2,40.8573255813954
"o3","40-ppb",6,"part_5",3,40.9146279069767
"o3","40-ppb",6,"part_5",4,40.819488372093
"o3","40-ppb",6,"part_5",5,40.1921919191919
"o3","40-ppb",6,"part_5",6,40.8415581395349
"o3","40-ppb",6,"part_5",7,40.2242222222222
"o3","40-ppb",6,"part_5",8,40.8668372093023
"o3","40-ppb",6,"part_5",9,40.2410404040404
"o3","40-ppb",6,"part_5",10,40.2406262626263
"o3","40-ppb",7,"part_6",1,40.891976744186
"o3","40-ppb",7,"part_6",2,40.8708023255814
"o3","40-ppb",7,"part_6",3,40.890488372093
"o3","40-ppb",7,"part_6",4,40.7812093023256
"o3","40-ppb",7,"part_6",5,40.154101010101
"o3","40-ppb",7,"part_6",6,40.8418023255814
"o3","40-ppb",7,"part_6",7,40.7946279069767
"o3","40-ppb",7,"part_6",8,40.2292424242424
"o3","40-ppb",7,"part_6",9,40.1988383838384
"o3","40-ppb",7,"part_6",10,40.8284302325581
"o3","80-ppb",1,"ref",1,79.5193010752688
"o3","80-ppb",1,"ref",2,80.6677590361446
"o3","80-ppb",1,"ref",3,80.7411807228916
"o3","80-ppb",1,"ref",4,79.5485376344086
"o3","80-ppb",1,"ref",5,79.4634408602151
"o3","80-ppb",1,"ref",6,79.5261505376344
"o3","80-ppb",1,"ref",7,79.4574193548387
"o3","80-ppb",1,"ref",8,80.6859156626506
"o3","80-ppb",1,"ref",9,80.5844096385542
"o3","80-ppb",1,"ref",10,80.7088192771084
"o3","80-ppb",2,"part_1",1,79.5568709677419
"o3","80-ppb",2,"part_1",2,80.6442771084337
"o3","80-ppb",2,"part_1",3,80.6792409638554
"o3","80-ppb",2,"part_1",4,80.6351084337349
"o3","80-ppb",2,"part_1",5,80.664734939759
"o3","80-ppb",2,"part_1",6,80.5940963855422
"o3","80-ppb",2,"part_1",7,79.5858387096774
"o3","80-ppb",2,"part_1",8,80.7090963855422
"o3","80-ppb",2,"part_1",9,79.5317419354839
"o3","80-ppb",2,"part_1",10,80.6864698795181
"o3","80-ppb",3,"part_2",1,80.6677590361446
"o3","80-ppb",3,"part_2",2,79.5022795698925
"o3","80-ppb",3,"part_2",3,79.5350752688172
"o3","80-ppb",3,"part_2",4,79.6080430107527
"o3","80-ppb",3,"part_2",5,79.5556344086021
"o3","80-ppb",3,"part_2",6,80.6555662650602
"o3","80-ppb",3,"part_2",7,79.5239139784946
"o3","80-ppb",3,"part_2",8,79.473311827957
"o3","80-ppb",3,"part_2",9,79.5793548387097
"o3","80-ppb",3,"part_2",10,79.4525806451613
"o3","80-ppb",4,"part_3",1,80.6495421686747
"o3","80-ppb",4,"part_3",2,79.5361505376344
"o3","80-ppb",4,"part_3",3,79.5685913978495
"o3","80-ppb",4,"part_3",4,80.690265060241
"o3","80-ppb",4,"part_3",5,79.5004946236559
"o3","80-ppb",4,"part_3",6,80.5975180722892
"o3","80-ppb",4,"part_3",7,80.7083373493976
"o3","80-ppb",4,"part_3",8,79.5149784946237
"o3","80-ppb",4,"part_3",9,80.6929879518072
"o3","80-ppb",4,"part_3",10,80.6568915662651
"o3","80-ppb",5,"part_4",1,80.7003012048193
"o3","80-ppb",5,"part_4",2,80.6971204819277
"o3","80-ppb",5,"part_4",3,80.6583975903614
"o3","80-ppb",5,"part_4",4,80.6529518072289
"o3","80-ppb",5,"part_4",5,80.6807710843374
"o3","80-ppb",5,"part_4",6,80.6900602409639
"o3","80-ppb",5,"part_4",7,80.5594337349398
"o3","80-ppb",5,"part_4",8,80.6880963855422
"o3","80-ppb",5,"part_4",9,80.6747108433735
"o3","80-ppb",5,"part_4",10,80.6029759036145
"o3","80-ppb",6,"part_5",1,79.4486129032258
"o3","80-ppb",6,"part_5",2,79.5834838709677
"o3","80-ppb",6,"part_5",3,79.5074516129032
"o3","80-ppb",6,"part_5",4,79.5016021505376
"o3","80-ppb",6,"part_5",5,80.6355301204819
"o3","80-ppb",6,"part_5",6,79.569752688172
"o3","80-ppb",6,"part_5",7,80.6555662650602
"o3","80-ppb",6,"part_5",8,79.6400860215054
"o3","80-ppb",6,"part_5",9,80.7218554216867
"o3","80-ppb",6,"part_5",10,79.5444731182796
"o3","80-ppb",7,"part_6",1,79.5278279569892
"o3","80-ppb",7,"part_6",2,80.6433614457831
"o3","80-ppb",7,"part_6",3,79.5748924731183
"o3","80-ppb",7,"part_6",4,79.6092580645161
"o3","80-ppb",7,"part_6",5,79.6276344086021
"o3","80-ppb",7,"part_6",6,80.6692891566265
"o3","80-ppb",7,"part_6",7,80.6633373493976
"o3","80-ppb",7,"part_6",8,80.608578313253
"o3","80-ppb",7,"part_6",9,80.6224457831325
"o3","80-ppb",7,"part_6",10,80.5988915662651
"so2","0-ppb",1,"ref",1,0.0415094339622642
"so2","0-ppb",1,"ref",2,0.0584905660377358
"so2","0-ppb",1,"ref",3,0.0320754716981132
"so2","0-ppb",1,"ref",4,-0.0245283018867924
"so2","0-ppb",1,"ref",5,0.130188679245283
"so2","0-ppb",1,"ref",6,0.109433962264151
"so2","0-ppb",1,"ref",7,0.0735849056603774
"so2","0-ppb",1,"ref",8,0.0377358490566038
"so2","0-ppb",1,"ref",9,0.0622641509433962
"so2","0-ppb",1,"ref",10,0.0547169811320755
"so2","0-ppb",2,"part_1",1,0.109433962264151
"so2","0-ppb",2,"part_1",2,0.0207547169811321
"so2","0-ppb",2,"part_1",3,0.0188679245283019
"so2","0-ppb",2,"part_1",4,0.0490566037735849
"so2","0-ppb",2,"part_1",5,0.0207547169811321
"so2","0-ppb",2,"part_1",6,0.164150943396226
"so2","0-ppb",2,"part_1",7,0.0452830188679245
"so2","0-ppb",2,"part_1",8,0.0377358490566038
"so2","0-ppb",2,"part_1",9,0.0584905660377358
"so2","0-ppb",2,"part_1",10,0.0962264150943396
"so2","0-ppb",3,"part_2",1,0.00943396226415095
"so2","0-ppb",3,"part_2",2,0.0339622641509434
"so2","0-ppb",3,"part_2",3,0.00943396226415095
"so2","0-ppb",3,"part_2",4,0.118867924528302
"so2","0-ppb",3,"part_2",5,0.109433962264151
"so2","0-ppb",3,"part_2",6,-0.0169811320754717
"so2","0-ppb",3,"part_2",7,0.0528301886792453
"so2","0-ppb",3,"part_2",8,-0.0207547169811321
"so2","0-ppb",3,"part_2",9,0.0811320754716981
"so2","0-ppb",3,"part_2",10,0.0264150943396226
"so2","0-ppb",4,"part_3",1,0.00754716981132076
"so2","0-ppb",4,"part_3",2,0.0283018867924528
"so2","0-ppb",4,"part_3",3,0.0924528301886793
"so2","0-ppb",4,"part_3",4,0.0452830188679245
"so2","0-ppb",4,"part_3",5,0.105660377358491
"so2","0-ppb",4,"part_3",6,-0.00188679245283019
"so2","0-ppb",4,"part_3",7,0.0452830188679245
"so2","0-ppb",4,"part_3",8,0.107547169811321
"so2","0-ppb",4,"part_3",9,-0.0283018867924528
"so2","0-ppb",4,"part_3",10,0.069811320754717
"so2","0-ppb",5,"part_4",1,-0.0377358490566038
"so2","0-ppb",5,"part_4",2,0.0716981132075472
"so2","0-ppb",5,"part_4",3,0.0339622641509434
"so2","0-ppb",5,"part_4",4,0.115094339622642
"so2","0-ppb",5,"part_4",5,0.115094339622642
"so2","0-ppb",5,"part_4",6,-0.00943396226415093
"so2","0-ppb",5,"part_4",7,0.0811320754716981
"so2","0-ppb",5,"part_4",8,0.0754716981132075
"so2","0-ppb",5,"part_4",9,0.0849056603773585
"so2","0-ppb",5,"part_4",10,0.0207547169811321
"so2","0-ppb",6,"part_5",1,0.0792452830188679
"so2","0-ppb",6,"part_5",2,0.0490566037735849
"so2","0-ppb",6,"part_5",3,0.0679245283018868
"so2","0-ppb",6,"part_5",4,0.0886792452830189
"so2","0-ppb",6,"part_5",5,0.0433962264150943
"so2","0-ppb",6,"part_5",6,0.00754716981132076
"so2","0-ppb",6,"part_5",7,0.0264150943396226
"so2","0-ppb",6,"part_5",8,0.0377358490566038
"so2","0-ppb",6,"part_5",9,-0.0132075471698113
"so2","0-ppb",6,"part_5",10,0.113207547169811
"so2","0-ppb",7,"part_6",1,0.0320754716981132
"so2","0-ppb",7,"part_6",2,0.0150943396226415
"so2","0-ppb",7,"part_6",3,0.0943396226415094
"so2","0-ppb",7,"part_6",4,0.0641509433962264
"so2","0-ppb",7,"part_6",5,0.0735849056603774
"so2","0-ppb",7,"part_6",6,0.0358490566037736
"so2","0-ppb",7,"part_6",7,0.0150943396226415
"so2","0-ppb",7,"part_6",8,-0.0245283018867924
"so2","0-ppb",7,"part_6",9,0.060377358490566
"so2","0-ppb",7,"part_6",10,0.0509433962264151
"so2","100-ppb",1,"ref",1,100.063095238095
"so2","100-ppb",1,"ref",2,100.054761904762
"so2","100-ppb",1,"ref",3,98.9449438202247
"so2","100-ppb",1,"ref",4,100.054761904762
"so2","100-ppb",1,"ref",5,98.838202247191
"so2","100-ppb",1,"ref",6,98.9573033707865
"so2","100-ppb",1,"ref",7,99.9345238095238
"so2","100-ppb",1,"ref",8,99.9988095238095
"so2","100-ppb",1,"ref",9,99.0224719101124
"so2","100-ppb",1,"ref",10,100.057142857143
"so2","100-ppb",2,"part_1",1,100.053571428571
"so2","100-ppb",2,"part_1",2,100.069047619048
"so2","100-ppb",2,"part_1",3,98.876404494382
"so2","100-ppb",2,"part_1",4,100.1
"so2","100-ppb",2,"part_1",5,99.9357142857143
"so2","100-ppb",2,"part_1",6,98.8685393258427
"so2","100-ppb",2,"part_1",7,98.9786516853933
"so2","100-ppb",2,"part_1",8,100.047619047619
"so2","100-ppb",2,"part_1",9,98.9977528089888
"so2","100-ppb",2,"part_1",10,99.0247191011236
"so2","100-ppb",3,"part_2",1,98.9865168539326
"so2","100-ppb",3,"part_2",2,98.8865168539326
"so2","100-ppb",3,"part_2",3,100.010714285714
"so2","100-ppb",3,"part_2",4,98.9887640449438
"so2","100-ppb",3,"part_2",5,100.029761904762
"so2","100-ppb",3,"part_2",6,100.089285714286
"so2","100-ppb",3,"part_2",7,98.9168539325843
"so2","100-ppb",3,"part_2",8,98.9865168539326
"so2","100-ppb",3,"part_2",9,100.05119047619
"so2","100-ppb",3,"part_2",10,98.9044943820225
"so2","100-ppb",4,"part_3",1,100.07380952381
"so2","100-ppb",4,"part_3",2,100.125
"so2","100-ppb",4,"part_3",3,99.0134831460674
"so2","100-ppb",4,"part_3",4,100.111904761905
"so2","100-ppb",4,"part_3",5,98.8292134831461
"so2","100-ppb",4,"part_3",6,98.9573033707865
"so2","100-ppb",4,"part_3",7,100.004761904762
"so2","100-ppb",4,"part_3",8,99.0168539325843
"so2","100-ppb",4,"part_3",9,100.113095238095
"so2","100-ppb",4,"part_3",10,99.9928571428571
"so2","100-ppb",5,"part_4",1,99.0067415730337
"so2","100-ppb",5,"part_4",2,99.0415730337079
"so2","100-ppb",5,"part_4",3,99.0337078651685
"so2","100-ppb",5,"part_4",4,99
"so2","100-ppb",5,"part_4",5,98.9629213483146
"so2","100-ppb",5,"part_4",6,99.0269662921348
"so2","100-ppb",5,"part_4",7,100.045238095238
"so2","100-ppb",5,"part_4",8,100.027380952381
"so2","100-ppb",5,"part_4",9,98.8797752808989
"so2","100-ppb",5,"part_4",10,99.0224719101124
"so2","100-ppb",6,"part_5",1,98.8820224719101
"so2","100-ppb",6,"part_5",2,98.9820224719101
"so2","100-ppb",6,"part_5",3,100.030952380952
"so2","100-ppb",6,"part_5",4,98.8325842696629
"so2","100-ppb",6,"part_5",5,100.040476190476
"so2","100-ppb",6,"part_5",6,99.0089887640449
"so2","100-ppb",6,"part_5",7,99.0640449438202
"so2","100-ppb",6,"part_5",8,100.002380952381
"so2","100-ppb",6,"part_5",9,100.088095238095
"so2","100-ppb",6,"part_5",10,100.057142857143
"so2","100-ppb",7,"part_6",1,100.114285714286
"so2","100-ppb",7,"part_6",2,100.058333333333
"so2","100-ppb",7,"part_6",3,98.8831460674157
"so2","100-ppb",7,"part_6",4,100.034523809524
"so2","100-ppb",7,"part_6",5,100.045238095238
"so2","100-ppb",7,"part_6",6,100.038095238095
"so2","100-ppb",7,"part_6",7,100.055952380952
"so2","100-ppb",7,"part_6",8,100.125
"so2","100-ppb",7,"part_6",9,100.054761904762
"so2","100-ppb",7,"part_6",10,98.9573033707865
"so2","140-ppb",1,"ref",1,138.502298850575
"so2","140-ppb",1,"ref",2,138.565517241379
"so2","140-ppb",1,"ref",3,138.63908045977
"so2","140-ppb",1,"ref",4,139.53595505618
"so2","140-ppb",1,"ref",5,138.752873563218
"so2","140-ppb",1,"ref",6,139.495505617978
"so2","140-ppb",1,"ref",7,139.598876404494
"so2","140-ppb",1,"ref",8,139.586516853933
"so2","140-ppb",1,"ref",9,139.601123595506
"so2","140-ppb",1,"ref",10,139.629213483146
"so2","140-ppb",2,"part_1",1,138.754022988506
"so2","140-ppb",2,"part_1",2,138.718390804598
"so2","140-ppb",2,"part_1",3,139.555056179775
"so2","140-ppb",2,"part_1",4,139.626966292135
"so2","140-ppb",2,"part_1",5,139.666292134831
"so2","140-ppb",2,"part_1",6,138.735632183908
"so2","140-ppb",2,"part_1",7,138.558620689655
"so2","140-ppb",2,"part_1",8,138.625287356322
"so2","140-ppb",2,"part_1",9,138.609195402299
"so2","140-ppb",2,"part_1",10,138.526436781609
"so2","140-ppb",3,"part_2",1,139.589887640449
"so2","140-ppb",3,"part_2",2,138.628735632184
"so2","140-ppb",3,"part_2",3,138.774712643678
"so2","140-ppb",3,"part_2",4,138.540229885057
"so2","140-ppb",3,"part_2",5,139.730337078652
"so2","140-ppb",3,"part_2",6,138.53908045977
"so2","140-ppb",3,"part_2",7,139.549438202247
"so2","140-ppb",3,"part_2",8,139.650561797753
"so2","140-ppb",3,"part_2",9,138.551724137931
"so2","140-ppb",3,"part_2",10,139.586516853933
"so2","140-ppb",4,"part_3",1,138.575862068966
"so2","140-ppb",4,"part_3",2,139.542696629213
"so2","140-ppb",4,"part_3",3,139.585393258427
"so2","140-ppb",4,"part_3",4,139.53595505618
"so2","140-ppb",4,"part_3",5,138.547126436782
"so2","140-ppb",4,"part_3",6,138.748275862069
"so2","140-ppb",4,"part_3",7,139.55393258427
"so2","140-ppb",4,"part_3",8,138.668965517241
"so2","140-ppb",4,"part_3",9,138.597701149425
"so2","140-ppb",4,"part_3",10,139.530337078652
"so2","140-ppb",5,"part_4",1,139.667415730337
"so2","140-ppb",5,"part_4",2,139.666292134831
"so2","140-ppb",5,"part_4",3,139.551685393258
"so2","140-ppb",5,"part_4",4,139.52808988764
"so2","140-ppb",5,"part_4",5,139.501123595506
"so2","140-ppb",5,"part_4",6,138.64367816092
"so2","140-ppb",5,"part_4",7,138.741379310345
"so2","140-ppb",5,"part_4",8,138.513793103448
"so2","140-ppb",5,"part_4",9,139.6
"so2","140-ppb",5,"part_4",10,138.552873563218
"so2","140-ppb",6,"part_5",1,139.575280898876
"so2","140-ppb",6,"part_5",2,139.561797752809
"so2","140-ppb",6,"part_5",3,138.602298850575
"so2","140-ppb",6,"part_5",4,139.658426966292
"so2","140-ppb",6,"part_5",5,139.477528089888
"so2","140-ppb",6,"part_5",6,138.677011494253
"so2","140-ppb",6,"part_5",7,138.551724137931
"so2","140-ppb",6,"part_5",8,139.584269662921
"so2","140-ppb",6,"part_5",9,138.606896551724
"so2","140-ppb",6,"part_5",10,138.518390804598
"so2","140-ppb",7,"part_6",1,138.548275862069
"so2","140-ppb",7,"part_6",2,138.606896551724
"so2","140-ppb",7,"part_6",3,139.587640449438
"so2","140-ppb",7,"part_6",4,139.689887640449
"so2","140-ppb",7,"part_6",5,138.667816091954
"so2","140-ppb",7,"part_6",6,138.547126436782
"so2","140-ppb",7,"part_6",7,138.627586206897
"so2","140-ppb",7,"part_6",8,139.634831460674
"so2","140-ppb",7,"part_6",9,138.626436781609
"so2","140-ppb",7,"part_6",10,138.65632183908
"so2","180-ppb",1,"ref",1,180.982474226804
"so2","180-ppb",1,"ref",2,180.190425531915
"so2","180-ppb",1,"ref",3,180.064893617021
"so2","180-ppb",1,"ref",4,180.142553191489
"so2","180-ppb",1,"ref",5,181.043298969072
"so2","180-ppb",1,"ref",6,179.932978723404
"so2","180-ppb",1,"ref",7,181.178350515464
"so2","180-ppb",1,"ref",8,180.186170212766
"so2","180-ppb",1,"ref",9,180.106382978723
"so2","180-ppb",1,"ref",10,180.950515463918
"so2","180-ppb",2,"part_1",1,181.003092783505
"so2","180-ppb",2,"part_1",2,180.884536082474
"so2","180-ppb",2,"part_1",3,180.889690721649
"so2","180-ppb",2,"part_1",4,181.132989690722
"so2","180-ppb",2,"part_1",5,180.975257731959
"so2","180-ppb",2,"part_1",6,180.092553191489
"so2","180-ppb",2,"part_1",7,181.081443298969
"so2","180-ppb",2,"part_1",8,180.157446808511
"so2","180-ppb",2,"part_1",9,179.840425531915
"so2","180-ppb",2,"part_1",10,181.10206185567
"so2","180-ppb",3,"part_2",1,180.171276595745
"so2","180-ppb",3,"part_2",2,180.21914893617
"so2","180-ppb",3,"part_2",3,180.156382978723
"so2","180-ppb",3,"part_2",4,180.928865979381
"so2","180-ppb",3,"part_2",5,180.919587628866
"so2","180-ppb",3,"part_2",6,180.210638297872
"so2","180-ppb",3,"part_2",7,180.128723404255
"so2","180-ppb",3,"part_2",8,180.218085106383
"so2","180-ppb",3,"part_2",9,180.812371134021
"so2","180-ppb",3,"part_2",10,180.732989690722
"so2","180-ppb",4,"part_3",1,180.271276595745
"so2","180-ppb",4,"part_3",2,180.825773195876
"so2","180-ppb",4,"part_3",3,180.884536082474
"so2","180-ppb",4,"part_3",4,181.030927835052
"so2","180-ppb",4,"part_3",5,180.996907216495
"so2","180-ppb",4,"part_3",6,180.960824742268
"so2","180-ppb",4,"part_3",7,180.982474226804
"so2","180-ppb",4,"part_3",8,179.992553191489
"so2","180-ppb",4,"part_3",9,180.117021276596
"so2","180-ppb",4,"part_3",10,180.179787234043
"so2","180-ppb",5,"part_4",1,180.788659793814
"so2","180-ppb",5,"part_4",2,180.944329896907
"so2","180-ppb",5,"part_4",3,180.844329896907
"so2","180-ppb",5,"part_4",4,179.993617021277
"so2","180-ppb",5,"part_4",5,180.735051546392
"so2","180-ppb",5,"part_4",6,180.16170212766
"so2","180-ppb",5,"part_4",7,180.327659574468
"so2","180-ppb",5,"part_4",8,180.792783505155
"so2","180-ppb",5,"part_4",9,180.28829787234
"so2","180-ppb",5,"part_4",10,180.158510638298
"so2","180-ppb",6,"part_5",1,180.157446808511
"so2","180-ppb",6,"part_5",2,181.009278350515
"so2","180-ppb",6,"part_5",3,180.213829787234
"so2","180-ppb",6,"part_5",4,180.919587628866
"so2","180-ppb",6,"part_5",5,181.018556701031
"so2","180-ppb",6,"part_5",6,180.90412371134
"so2","180-ppb",6,"part_5",7,180.192553191489
"so2","180-ppb",6,"part_5",8,181.030927835052
"so2","180-ppb",6,"part_5",9,180.370212765957
"so2","180-ppb",6,"part_5",10,180
"so2","180-ppb",7,"part_6",1,180.291489361702
"so2","180-ppb",7,"part_6",2,180.197872340426
"so2","180-ppb",7,"part_6",3,180.286170212766
"so2","180-ppb",7,"part_6",4,180.36170212766
"so2","180-ppb",7,"part_6",5,180.187234042553
"so2","180-ppb",7,"part_6",6,180.868041237113
"so2","180-ppb",7,"part_6",7,180.769072164948
"so2","180-ppb",7,"part_6",8,181.167010309278
"so2","180-ppb",7,"part_6",9,180.177659574468
"so2","180-ppb",7,"part_6",10,180.354255319149
"so2","20-ppb",1,"ref",1,19.7341176470588
"so2","20-ppb",1,"ref",2,19.7141176470588
"so2","20-ppb",1,"ref",3,19.7235294117647
"so2","20-ppb",1,"ref",4,19.7270588235294
"so2","20-ppb",1,"ref",5,19.7105882352941
"so2","20-ppb",1,"ref",6,19.7635294117647
"so2","20-ppb",1,"ref",7,19.7505882352941
"so2","20-ppb",1,"ref",8,19.7529411764706
"so2","20-ppb",1,"ref",9,19.7164705882353
"so2","20-ppb",1,"ref",10,19.7647058823529
"so2","20-ppb",2,"part_1",1,19.7352941176471
"so2","20-ppb",2,"part_1",2,19.6764705882353
"so2","20-ppb",2,"part_1",3,19.7211764705882
"so2","20-ppb",2,"part_1",4,19.7741176470588
"so2","20-ppb",2,"part_1",5,19.7129411764706
"so2","20-ppb",2,"part_1",6,19.6917647058824
"so2","20-ppb",2,"part_1",7,19.7541176470588
"so2","20-ppb",2,"part_1",8,19.6776470588235
"so2","20-ppb",2,"part_1",9,19.7470588235294
"so2","20-ppb",2,"part_1",10,19.7388235294118
"so2","20-ppb",3,"part_2",1,19.7741176470588
"so2","20-ppb",3,"part_2",2,19.7141176470588
"so2","20-ppb",3,"part_2",3,19.7541176470588
"so2","20-ppb",3,"part_2",4,19.7188235294118
"so2","20-ppb",3,"part_2",5,19.7423529411765
"so2","20-ppb",3,"part_2",6,19.7270588235294
"so2","20-ppb",3,"part_2",7,19.7352941176471
"so2","20-ppb",3,"part_2",8,19.7070588235294
"so2","20-ppb",3,"part_2",9,19.7882352941176
"so2","20-ppb",3,"part_2",10,19.7364705882353
"so2","20-ppb",4,"part_3",1,19.7435294117647
"so2","20-ppb",4,"part_3",2,19.7529411764706
"so2","20-ppb",4,"part_3",3,19.7188235294118
"so2","20-ppb",4,"part_3",4,19.7458823529412
"so2","20-ppb",4,"part_3",5,19.76
"so2","20-ppb",4,"part_3",6,19.6976470588235
"so2","20-ppb",4,"part_3",7,19.7282352941176
"so2","20-ppb",4,"part_3",8,19.7623529411765
"so2","20-ppb",4,"part_3",9,19.8058823529412
"so2","20-ppb",4,"part_3",10,19.7964705882353
"so2","20-ppb",5,"part_4",1,19.7047058823529
"so2","20-ppb",5,"part_4",2,19.7364705882353
"so2","20-ppb",5,"part_4",3,19.7588235294118
"so2","20-ppb",5,"part_4",4,19.7694117647059
"so2","20-ppb",5,"part_4",5,19.8117647058824
"so2","20-ppb",5,"part_4",6,19.7494117647059
"so2","20-ppb",5,"part_4",7,19.7141176470588
"so2","20-ppb",5,"part_4",8,19.7388235294118
"so2","20-ppb",5,"part_4",9,19.72
"so2","20-ppb",5,"part_4",10,19.7741176470588
"so2","20-ppb",6,"part_5",1,19.7505882352941
"so2","20-ppb",6,"part_5",2,19.6541176470588
"so2","20-ppb",6,"part_5",3,19.76
"so2","20-ppb",6,"part_5",4,19.6564705882353
"so2","20-ppb",6,"part_5",5,19.7505882352941
"so2","20-ppb",6,"part_5",6,19.7588235294118
"so2","20-ppb",6,"part_5",7,19.7823529411765
"so2","20-ppb",6,"part_5",8,19.7670588235294
"so2","20-ppb",6,"part_5",9,19.7541176470588
"so2","20-ppb",6,"part_5",10,19.7270588235294
"so2","20-ppb",7,"part_6",1,19.6941176470588
"so2","20-ppb",7,"part_6",2,19.6776470588235
"so2","20-ppb",7,"part_6",3,19.7847058823529
"so2","20-ppb",7,"part_6",4,19.6894117647059
"so2","20-ppb",7,"part_6",5,19.7588235294118
"so2","20-ppb",7,"part_6",6,19.6952941176471
"so2","20-ppb",7,"part_6",7,19.7647058823529
"so2","20-ppb",7,"part_6",8,19.7364705882353
"so2","20-ppb",7,"part_6",9,19.6905882352941
"so2","20-ppb",7,"part_6",10,19.7505882352941
"so2","60-ppb",1,"ref",1,59.9236559139785
"so2","60-ppb",1,"ref",2,59.9516129032258
"so2","60-ppb",1,"ref",3,59.8698924731183
"so2","60-ppb",1,"ref",4,59.9645161290323
"so2","60-ppb",1,"ref",5,59.8440860215054
"so2","60-ppb",1,"ref",6,59.9333333333333
"so2","60-ppb",1,"ref",7,59.8817204301075
"so2","60-ppb",1,"ref",8,59.9225806451613
"so2","60-ppb",1,"ref",9,59.8408602150538
"so2","60-ppb",1,"ref",10,59.8698924731183
"so2","60-ppb",2,"part_1",1,59.8462365591398
"so2","60-ppb",2,"part_1",2,59.8870967741936
"so2","60-ppb",2,"part_1",3,59.8494623655914
"so2","60-ppb",2,"part_1",4,59.9
"so2","60-ppb",2,"part_1",5,59.8548387096774
"so2","60-ppb",2,"part_1",6,59.8655913978495
"so2","60-ppb",2,"part_1",7,59.8924731182796
"so2","60-ppb",2,"part_1",8,59.8462365591398
"so2","60-ppb",2,"part_1",9,59.8354838709677
"so2","60-ppb",2,"part_1",10,59.8924731182796
"so2","60-ppb",3,"part_2",1,59.8967741935484
"so2","60-ppb",3,"part_2",2,59.9096774193548
"so2","60-ppb",3,"part_2",3,59.8720430107527
"so2","60-ppb",3,"part_2",4,59.8193548387097
"so2","60-ppb",3,"part_2",5,59.910752688172
"so2","60-ppb",3,"part_2",6,59.9215053763441
"so2","60-ppb",3,"part_2",7,59.8903225806452
"so2","60-ppb",3,"part_2",8,59.9161290322581
"so2","60-ppb",3,"part_2",9,59.9376344086022
"so2","60-ppb",3,"part_2",10,59.9118279569892
"so2","60-ppb",4,"part_3",1,59.8591397849462
"so2","60-ppb",4,"part_3",2,59.8591397849462
"so2","60-ppb",4,"part_3",3,59.9139784946237
"so2","60-ppb",4,"part_3",4,59.9311827956989
"so2","60-ppb",4,"part_3",5,59.9129032258065
"so2","60-ppb",4,"part_3",6,59.9193548387097
"so2","60-ppb",4,"part_3",7,59.8913978494624
"so2","60-ppb",4,"part_3",8,59.9870967741935
"so2","60-ppb",4,"part_3",9,59.9064516129032
"so2","60-ppb",4,"part_3",10,59.8322580645161
"so2","60-ppb",5,"part_4",1,59.7795698924731
"so2","60-ppb",5,"part_4",2,59.9225806451613
"so2","60-ppb",5,"part_4",3,59.8322580645161
"so2","60-ppb",5,"part_4",4,59.8688172043011
"so2","60-ppb",5,"part_4",5,59.8763440860215
"so2","60-ppb",5,"part_4",6,59.9075268817204
"so2","60-ppb",5,"part_4",7,59.8634408602151
"so2","60-ppb",5,"part_4",8,59.8387096774194
"so2","60-ppb",5,"part_4",9,59.8849462365591
"so2","60-ppb",5,"part_4",10,59.8634408602151
"so2","60-ppb",6,"part_5",1,59.910752688172
"so2","60-ppb",6,"part_5",2,59.8666666666667
"so2","60-ppb",6,"part_5",3,59.8903225806452
"so2","60-ppb",6,"part_5",4,59.9247311827957
"so2","60-ppb",6,"part_5",5,59.9666666666667
"so2","60-ppb",6,"part_5",6,59.9075268817204
"so2","60-ppb",6,"part_5",7,59.8516129032258
"so2","60-ppb",6,"part_5",8,59.905376344086
"so2","60-ppb",6,"part_5",9,59.9602150537634
"so2","60-ppb",6,"part_5",10,59.8548387096774
"so2","60-ppb",7,"part_6",1,59.8870967741936
"so2","60-ppb",7,"part_6",2,59.9268817204301
"so2","60-ppb",7,"part_6",3,59.8752688172043
"so2","60-ppb",7,"part_6",4,59.9870967741935
"so2","60-ppb",7,"part_6",5,59.9086021505376
"so2","60-ppb",7,"part_6",6,59.9397849462366
"so2","60-ppb",7,"part_6",7,59.8451612903226
"so2","60-ppb",7,"part_6",8,59.9129032258065
"so2","60-ppb",7,"part_6",9,59.8387096774194
"so2","60-ppb",7,"part_6",10,59.9451612903226
"so2","61-ppb",1,"ref",1,59.1135802469136
"so2","61-ppb",1,"ref",2,59.1333333333333
"so2","61-ppb",1,"ref",3,59.0555555555556
"so2","61-ppb",1,"ref",4,59.0259259259259
"so2","61-ppb",1,"ref",5,59.0864197530864
"so2","61-ppb",1,"ref",6,59.083950617284
"so2","61-ppb",1,"ref",7,59.0481481481482
"so2","61-ppb",1,"ref",8,59.079012345679
"so2","61-ppb",1,"ref",9,59.0172839506173
"so2","61-ppb",1,"ref",10,59.0518518518519
"so2","61-ppb",2,"part_1",1,59.037037037037
"so2","61-ppb",2,"part_1",2,59.0493827160494
"so2","61-ppb",2,"part_1",3,59.041975308642
"so2","61-ppb",2,"part_1",4,59.0864197530864
"so2","61-ppb",2,"part_1",5,59.0518518518519
"so2","61-ppb",2,"part_1",6,59.0296296296296
"so2","61-ppb",2,"part_1",7,59.0234567901235
"so2","61-ppb",2,"part_1",8,59.0222222222222
"so2","61-ppb",2,"part_1",9,59.0864197530864
"so2","61-ppb",2,"part_1",10,59
"so2","61-ppb",3,"part_2",1,59.0518518518519
"so2","61-ppb",3,"part_2",2,59.062962962963
"so2","61-ppb",3,"part_2",3,59.0123456790123
"so2","61-ppb",3,"part_2",4,59.1049382716049
"so2","61-ppb",3,"part_2",5,59.0469135802469
"so2","61-ppb",3,"part_2",6,59.0543209876543
"so2","61-ppb",3,"part_2",7,59.0765432098765
"so2","61-ppb",3,"part_2",8,59.041975308642
"so2","61-ppb",3,"part_2",9,59.0049382716049
"so2","61-ppb",3,"part_2",10,59.0703703703704
"so2","61-ppb",4,"part_3",1,59.0777777777778
"so2","61-ppb",4,"part_3",2,59.0407407407407
"so2","61-ppb",4,"part_3",3,59.0901234567901
"so2","61-ppb",4,"part_3",4,59.0666666666667
"so2","61-ppb",4,"part_3",5,59.0197530864198
"so2","61-ppb",4,"part_3",6,59.0135802469136
"so2","61-ppb",4,"part_3",7,59.0604938271605
"so2","61-ppb",4,"part_3",8,59.0098765432099
"so2","61-ppb",4,"part_3",9,59.0098765432099
"so2","61-ppb",4,"part_3",10,59.0765432098765
"so2","61-ppb",5,"part_4",1,59.0518518518519
"so2","61-ppb",5,"part_4",2,59.0222222222222
"so2","61-ppb",5,"part_4",3,59.0716049382716
"so2","61-ppb",5,"part_4",4,59.037037037037
"so2","61-ppb",5,"part_4",5,59.0740740740741
"so2","61-ppb",5,"part_4",6,59.1456790123457
"so2","61-ppb",5,"part_4",7,59.1234567901235
"so2","61-ppb",5,"part_4",8,59.0938271604938
"so2","61-ppb",5,"part_4",9,59.0777777777778
"so2","61-ppb",5,"part_4",10,59.1320987654321
"so2","61-ppb",6,"part_5",1,59.0987654320988
"so2","61-ppb",6,"part_5",2,59.0456790123457
"so2","61-ppb",6,"part_5",3,59.0123456790123
"so2","61-ppb",6,"part_5",4,58.9876543209877
"so2","61-ppb",6,"part_5",5,59.0197530864198
"so2","61-ppb",6,"part_5",6,59.0197530864198
"so2","61-ppb",6,"part_5",7,59.0222222222222
"so2","61-ppb",6,"part_5",8,59.0691358024691
"so2","61-ppb",6,"part_5",9,59.0617283950617
"so2","61-ppb",6,"part_5",10,59.0345679012346
"so2","61-ppb",7,"part_6",1,59.0567901234568
"so2","61-ppb",7,"part_6",2,59.0740740740741
"so2","61-ppb",7,"part_6",3,59.0296296296296
"so2","61-ppb",7,"part_6",4,59.0234567901235
"so2","61-ppb",7,"part_6",5,59.041975308642
"so2","61-ppb",7,"part_6",6,59.0555555555556
"so2","61-ppb",7,"part_6",7,59.0987654320988
"so2","61-ppb",7,"part_6",8,59.0901234567901
"so2","61-ppb",7,"part_6",9,59.0938271604938
"so2","61-ppb",7,"part_6",10,59.0654320987654
