pollutant,run,level,participant_id,replicate,sample_group,mean_value,sd_value
co,corrida_1,0-μmol/mol,part_1,2,1-10,-0.02707635488,0.02775095332
co,corrida_1,0-μmol/mol,part_1,2,11-20,-0.02784588519,0.02800242887
co,corrida_1,0-μmol/mol,part_1,2,21-30,-0.0178589723,0.02887292229
co,corrida_1,0-μmol/mol,part_2,3,1-10,-0.005936611802,0.02171364308
co,corrida_1,0-μmol/mol,part_2,3,11-20,-0.01734977921,0.02824630544
co,corrida_1,0-μmol/mol,part_2,3,21-30,-0.0166428342,0.02786798504
co,corrida_1,0-μmol/mol,part_3,4,1-10,-0.03371963067,0.02671357584
co,corrida_1,0-μmol/mol,part_3,4,11-20,-0.03361461261,0.02715396606
co,corrida_1,0-μmol/mol,part_3,4,21-30,-0.01152922521,0.02621082809
co,corrida_1,0-μmol/mol,part_4,5,1-10,-0.02316635889,0.02774578588
co,corrida_1,0-μmol/mol,part_4,5,11-20,-0.03311007627,0.02617788354
co,corrida_1,0-μmol/mol,part_4,5,21-30,-0.02774259334,0.02893819556
co,corrida_1,0-μmol/mol,part_5,6,1-10,-0.01178651144,0.0250245841
co,corrida_1,0-μmol/mol,part_5,6,11-20,-0.0284058611,0.02817109939
co,corrida_1,0-μmol/mol,part_5,6,21-30,-0.01111268567,0.02579528679
co,corrida_1,0-μmol/mol,part_6,7,1-10,-0.02256776395,0.02837675865
co,corrida_1,0-μmol/mol,part_6,7,11-20,-0.02246431152,0.02925024306
co,corrida_1,0-μmol/mol,part_6,7,21-30,-0.0231754717,0.02845810409
co,corrida_1,0-μmol/mol,ref,1,1-10,-0.03351585709,0.02612268735
co,corrida_1,0-μmol/mol,ref,1,11-20,-0.02715463669,0.02822308689
co,corrida_1,0-μmol/mol,ref,1,21-30,-0.02251156162,0.02881026937
co,corrida_2,2-μmol/mol,part_1,2,1-10,2.01535691,0.005334841101
co,corrida_2,2-μmol/mol,part_1,2,11-20,2.01268242,0.0052905815
co,corrida_2,2-μmol/mol,part_1,2,21-30,2.014261122,0.00340940902
co,corrida_2,2-μmol/mol,part_2,3,1-10,2.011026392,0.00463061624
co,corrida_2,2-μmol/mol,part_2,3,11-20,2.014411605,0.004124301955
co,corrida_2,2-μmol/mol,part_2,3,21-30,2.012126993,0.003668879661
co,corrida_2,2-μmol/mol,part_3,4,1-10,2.014630088,0.004011666296
co,corrida_2,2-μmol/mol,part_3,4,11-20,2.01546037,0.004107468055
co,corrida_2,2-μmol/mol,part_3,4,21-30,2.014349968,0.003340391615
co,corrida_2,2-μmol/mol,part_4,5,1-10,2.012606276,0.00501710502
co,corrida_2,2-μmol/mol,part_4,5,11-20,2.014681754,0.00487170524
co,corrida_2,2-μmol/mol,part_4,5,21-30,2.012709241,0.00547491919
co,corrida_2,2-μmol/mol,part_5,6,1-10,2.011313969,0.003467143666
co,corrida_2,2-μmol/mol,part_5,6,11-20,2.013628283,0.005015793432
co,corrida_2,2-μmol/mol,part_5,6,21-30,2.012556802,0.004321002919
co,corrida_2,2-μmol/mol,part_6,7,1-10,2.012412014,0.00367962934
co,corrida_2,2-μmol/mol,part_6,7,11-20,2.013902815,0.004260339672
co,corrida_2,2-μmol/mol,part_6,7,21-30,2.014882785,0.002976540943
co,corrida_2,2-μmol/mol,ref,1,1-10,2.015933935,0.005127696083
co,corrida_2,2-μmol/mol,ref,1,11-20,2.015327638,0.004966308666
co,corrida_2,2-μmol/mol,ref,1,21-30,2.013541973,0.003364715469
co,corrida_3,4-μmol/mol,part_1,2,1-10,4.031273074,0.009400093327
co,corrida_3,4-μmol/mol,part_1,2,11-20,4.017796797,0.01398804848
co,corrida_3,4-μmol/mol,part_1,2,21-30,4.026026861,0.0123512744
co,corrida_3,4-μmol/mol,part_2,3,1-10,4.024252229,0.01283876897
co,corrida_3,4-μmol/mol,part_2,3,11-20,4.021792965,0.01178496343
co,corrida_3,4-μmol/mol,part_2,3,21-30,4.020938074,0.01251746778
co,corrida_3,4-μmol/mol,part_3,4,1-10,4.027373615,0.01323245651
co,corrida_3,4-μmol/mol,part_3,4,11-20,4.018080433,0.01085798859
co,corrida_3,4-μmol/mol,part_3,4,21-30,4.02115658,0.01278467667
co,corrida_3,4-μmol/mol,part_4,5,1-10,4.021095455,0.01310967207
co,corrida_3,4-μmol/mol,part_4,5,11-20,4.027404134,0.01254719492
co,corrida_3,4-μmol/mol,part_4,5,21-30,4.023120022,0.01197846014
co,corrida_3,4-μmol/mol,part_5,6,1-10,4.024846147,0.01161394341
co,corrida_3,4-μmol/mol,part_5,6,11-20,4.024034502,0.01399348421
co,corrida_3,4-μmol/mol,part_5,6,21-30,4.026449805,0.01227175916
co,corrida_3,4-μmol/mol,part_6,7,1-10,4.024165628,0.01233381259
co,corrida_3,4-μmol/mol,part_6,7,11-20,4.017779632,0.01226649941
co,corrida_3,4-μmol/mol,part_6,7,21-30,4.021168333,0.01189502255
co,corrida_3,4-μmol/mol,ref,1,1-10,4.022060693,0.01329633528
co,corrida_3,4-μmol/mol,ref,1,11-20,4.020025887,0.01362366579
co,corrida_3,4-μmol/mol,ref,1,21-30,4.023175325,0.01247175246
co,corrida_4,6-μmol/mol,part_1,2,1-10,6.066785222,0.01273986592
co,corrida_4,6-μmol/mol,part_1,2,11-20,6.073435345,0.012532971
co,corrida_4,6-μmol/mol,part_1,2,21-30,6.0701383,0.01401739927
co,corrida_4,6-μmol/mol,part_2,3,1-10,6.064766338,0.01370082547
co,corrida_4,6-μmol/mol,part_2,3,11-20,6.076510755,0.01213592973
co,corrida_4,6-μmol/mol,part_2,3,21-30,6.069945525,0.01375757863
co,corrida_4,6-μmol/mol,part_3,4,1-10,6.077431404,0.0123833413
co,corrida_4,6-μmol/mol,part_3,4,11-20,6.068229885,0.01204818366
co,corrida_4,6-μmol/mol,part_3,4,21-30,6.066009319,0.0135443962
co,corrida_4,6-μmol/mol,part_4,5,1-10,6.068923235,0.01534067148
co,corrida_4,6-μmol/mol,part_4,5,11-20,6.065600411,0.01047658785
co,corrida_4,6-μmol/mol,part_4,5,21-30,6.069671921,0.01371296325
co,corrida_4,6-μmol/mol,part_5,6,1-10,6.077361741,0.01351167359
co,corrida_4,6-μmol/mol,part_5,6,11-20,6.06696486,0.009718182256
co,corrida_4,6-μmol/mol,part_5,6,21-30,6.075471511,0.01443583413
co,corrida_4,6-μmol/mol,part_6,7,1-10,6.072131486,0.01342653445
co,corrida_4,6-μmol/mol,part_6,7,11-20,6.074192077,0.0126528691
co,corrida_4,6-μmol/mol,part_6,7,21-30,6.068264943,0.01335691161
co,corrida_4,6-μmol/mol,ref,1,1-10,6.060585057,0.003916164095
co,corrida_4,6-μmol/mol,ref,1,11-20,6.063874795,0.01233136156
co,corrida_4,6-μmol/mol,ref,1,21-30,6.07624844,0.01174271834
co,corrida_5,8-μmol/mol,part_1,2,1-10,8.002002025,0.0501708083
co,corrida_5,8-μmol/mol,part_1,2,11-20,8.05106786,0.05829515391
co,corrida_5,8-μmol/mol,part_1,2,21-30,8.036453538,0.06397387097
co,corrida_5,8-μmol/mol,part_2,3,1-10,8.062055094,0.05281184558
co,corrida_5,8-μmol/mol,part_2,3,11-20,8.048149616,0.06191545387
co,corrida_5,8-μmol/mol,part_2,3,21-30,8.035628154,0.06473548397
co,corrida_5,8-μmol/mol,part_3,4,1-10,8.054315516,0.06065240904
co,corrida_5,8-μmol/mol,part_3,4,11-20,8.079500085,0.04773145245
co,corrida_5,8-μmol/mol,part_3,4,21-30,8.015506223,0.05327306041
co,corrida_5,8-μmol/mol,part_4,5,1-10,8.027784463,0.06201194591
co,corrida_5,8-μmol/mol,part_4,5,11-20,8.049086829,0.05993005029
co,corrida_5,8-μmol/mol,part_4,5,21-30,8.050348572,0.05959396431
co,corrida_5,8-μmol/mol,part_5,6,1-10,8.04204188,0.05942121131
co,corrida_5,8-μmol/mol,part_5,6,11-20,8.066333014,0.05363794731
co,corrida_5,8-μmol/mol,part_5,6,21-30,8.052534633,0.06179798047
co,corrida_5,8-μmol/mol,part_6,7,1-10,8.038380541,0.06261293623
co,corrida_5,8-μmol/mol,part_6,7,11-20,8.060690473,0.0610295818
co,corrida_5,8-μmol/mol,part_6,7,21-30,8.049630712,0.06308506944
co,corrida_5,8-μmol/mol,ref,1,1-10,8.040967477,0.06630702192
co,corrida_5,8-μmol/mol,ref,1,11-20,8.042467583,0.06647011962
co,corrida_5,8-μmol/mol,ref,1,21-30,8.054438789,0.05960485477
no,corrida_1,0-nmol/mol,part_1,2,1-10,0.5819244949,0.1351627697
no,corrida_1,0-nmol/mol,part_1,2,11-20,0.5661583333,0.1634937613
no,corrida_1,0-nmol/mol,part_1,2,21-30,0.5623666667,0.1564995757
no,corrida_1,0-nmol/mol,part_2,3,1-10,0.5587378788,0.1237773278
no,corrida_1,0-nmol/mol,part_2,3,11-20,0.5702727273,0.1522151959
no,corrida_1,0-nmol/mol,part_2,3,21-30,0.6093666667,0.1354552629
no,corrida_1,0-nmol/mol,part_3,4,1-10,0.6181656566,0.1237018314
no,corrida_1,0-nmol/mol,part_3,4,11-20,0.5192929293,0.1105277704
no,corrida_1,0-nmol/mol,part_3,4,21-30,0.5377070707,0.1267486381
no,corrida_1,0-nmol/mol,part_4,5,1-10,0.5168164141,0.1229902827
no,corrida_1,0-nmol/mol,part_4,5,11-20,0.5350982323,0.122636863
no,corrida_1,0-nmol/mol,part_4,5,21-30,0.5364224747,0.09250420772
no,corrida_1,0-nmol/mol,part_5,6,1-10,0.5544179293,0.1333111863
no,corrida_1,0-nmol/mol,part_5,6,11-20,0.5700444444,0.1277354786
no,corrida_1,0-nmol/mol,part_5,6,21-30,0.5277042929,0.1283538032
no,corrida_1,0-nmol/mol,part_6,7,1-10,0.5317106061,0.1102256246
no,corrida_1,0-nmol/mol,part_6,7,11-20,0.5768861111,0.1511332125
no,corrida_1,0-nmol/mol,part_6,7,21-30,0.5793929293,0.1436813381
no,corrida_1,0-nmol/mol,ref,1,1-10,0.6762305556,0.1391915818
no,corrida_1,0-nmol/mol,ref,1,11-20,0.6689035354,0.1170764371
no,corrida_1,0-nmol/mol,ref,1,21-30,0.5410295455,0.1155428806
no,corrida_2,121-nmol/mol,part_1,2,1-10,120.3216996,0.09101394537
no,corrida_2,121-nmol/mol,part_1,2,11-20,120.3804348,0.06332812689
no,corrida_2,121-nmol/mol,part_1,2,21-30,120.3285771,0.08815441326
no,corrida_2,121-nmol/mol,part_2,3,1-10,120.379249,0.05829090385
no,corrida_2,121-nmol/mol,part_2,3,11-20,120.356996,0.05033345044
no,corrida_2,121-nmol/mol,part_2,3,21-30,120.3346245,0.0463117132
no,corrida_2,121-nmol/mol,part_3,4,1-10,120.3378261,0.06336588755
no,corrida_2,121-nmol/mol,part_3,4,11-20,120.3470751,0.0551947662
no,corrida_2,121-nmol/mol,part_3,4,21-30,120.3502372,0.04611836976
no,corrida_2,121-nmol/mol,part_4,5,1-10,120.3981423,0.0635923082
no,corrida_2,121-nmol/mol,part_4,5,11-20,120.3398814,0.09525490333
no,corrida_2,121-nmol/mol,part_4,5,21-30,120.3588538,0.08261603941
no,corrida_2,121-nmol/mol,part_5,6,1-10,120.3612648,0.05781689899
no,corrida_2,121-nmol/mol,part_5,6,11-20,120.3429644,0.07529734754
no,corrida_2,121-nmol/mol,part_5,6,21-30,120.3552964,0.1290377064
no,corrida_2,121-nmol/mol,part_6,7,1-10,120.3698024,0.0670240438
no,corrida_2,121-nmol/mol,part_6,7,11-20,120.3204348,0.08957956403
no,corrida_2,121-nmol/mol,part_6,7,21-30,120.3625692,0.06889576118
no,corrida_2,121-nmol/mol,ref,1,1-10,120.2799209,0.08868482481
no,corrida_2,121-nmol/mol,ref,1,11-20,120.3219763,0.07160448728
no,corrida_2,121-nmol/mol,ref,1,21-30,120.3619763,0.05417849614
no,corrida_3,180-nmol/mol,part_1,2,1-10,182.2993575,0.2465584177
no,corrida_3,180-nmol/mol,part_1,2,11-20,182.0720165,0.1711367745
no,corrida_3,180-nmol/mol,part_1,2,21-30,182.2091551,0.2775968607
no,corrida_3,180-nmol/mol,part_2,3,1-10,182.2206678,0.292811003
no,corrida_3,180-nmol/mol,part_2,3,11-20,182.1784928,0.2484220772
no,corrida_3,180-nmol/mol,part_2,3,21-30,182.1545424,0.2247319132
no,corrida_3,180-nmol/mol,part_3,4,1-10,182.224165,0.2977390868
no,corrida_3,180-nmol/mol,part_3,4,11-20,182.0612321,0.1717333359
no,corrida_3,180-nmol/mol,part_3,4,21-30,182.1748911,0.2611552176
no,corrida_3,180-nmol/mol,part_4,5,1-10,182.197923,0.2189608862
no,corrida_3,180-nmol/mol,part_4,5,11-20,182.1817459,0.3024530749
no,corrida_3,180-nmol/mol,part_4,5,21-30,182.2154686,0.2262341827
no,corrida_3,180-nmol/mol,part_5,6,1-10,182.3136535,0.2375779809
no,corrida_3,180-nmol/mol,part_5,6,11-20,182.2978108,0.2764217379
no,corrida_3,180-nmol/mol,part_5,6,21-30,182.2505545,0.2401371892
no,corrida_3,180-nmol/mol,part_6,7,1-10,182.2061584,0.238326758
no,corrida_3,180-nmol/mol,part_6,7,11-20,182.3452541,0.2127410331
no,corrida_3,180-nmol/mol,part_6,7,21-30,182.2366062,0.2806396318
no,corrida_3,180-nmol/mol,ref,1,1-10,182.3375347,0.2408226038
no,corrida_3,180-nmol/mol,ref,1,11-20,182.2782398,0.1985511327
no,corrida_3,180-nmol/mol,ref,1,21-30,182.2540286,0.2662190679
no,corrida_4,42-nmol/mol,part_1,2,1-10,24.92939412,1.196405812
no,corrida_4,42-nmol/mol,part_1,2,11-20,25.10122941,1.081250291
no,corrida_4,42-nmol/mol,part_1,2,21-30,24.87028824,1.355860782
no,corrida_4,42-nmol/mol,part_2,3,1-10,24.24437647,1.115363365
no,corrida_4,42-nmol/mol,part_2,3,11-20,24.97372941,0.9028165455
no,corrida_4,42-nmol/mol,part_2,3,21-30,24.63829412,0.9711187692
no,corrida_4,42-nmol/mol,part_3,4,1-10,25.14895882,1.088718808
no,corrida_4,42-nmol/mol,part_3,4,11-20,25.24915294,0.6840168799
no,corrida_4,42-nmol/mol,part_3,4,21-30,25.09268235,1.336258911
no,corrida_4,42-nmol/mol,part_4,5,1-10,24.83268824,1.203006461
no,corrida_4,42-nmol/mol,part_4,5,11-20,24.84067059,1.238406039
no,corrida_4,42-nmol/mol,part_4,5,21-30,25.10549412,1.369463455
no,corrida_4,42-nmol/mol,part_5,6,1-10,25.24981176,0.8459088017
no,corrida_4,42-nmol/mol,part_5,6,11-20,24.65953529,0.9563057236
no,corrida_4,42-nmol/mol,part_5,6,21-30,24.65336471,1.050860541
no,corrida_4,42-nmol/mol,part_6,7,1-10,25.03687647,0.9549266722
no,corrida_4,42-nmol/mol,part_6,7,11-20,24.08691765,0.6539195092
no,corrida_4,42-nmol/mol,part_6,7,21-30,25.04574118,0.7969670797
no,corrida_4,42-nmol/mol,ref,1,1-10,24.42518824,1.434487909
no,corrida_4,42-nmol/mol,ref,1,11-20,24.69322353,1.192153739
no,corrida_4,42-nmol/mol,ref,1,21-30,24.97660588,1.054062005
no,corrida_5,81-nmol/mol,part_1,2,1-10,80.66434615,0.04008539947
no,corrida_5,81-nmol/mol,part_1,2,11-20,80.67988462,0.04990969821
no,corrida_5,81-nmol/mol,part_1,2,21-30,80.70173077,0.0445413658
no,corrida_5,81-nmol/mol,part_2,3,1-10,80.66401923,0.02206496482
no,corrida_5,81-nmol/mol,part_2,3,11-20,80.68092308,0.03769304901
no,corrida_5,81-nmol/mol,part_2,3,21-30,80.67851923,0.05827935302
no,corrida_5,81-nmol/mol,part_3,4,1-10,80.68721154,0.05339772447
no,corrida_5,81-nmol/mol,part_3,4,11-20,80.68501923,0.04199030621
no,corrida_5,81-nmol/mol,part_3,4,21-30,80.69461538,0.04294613463
no,corrida_5,81-nmol/mol,part_4,5,1-10,80.68732692,0.03770598152
no,corrida_5,81-nmol/mol,part_4,5,11-20,80.67596154,0.02925353365
no,corrida_5,81-nmol/mol,part_4,5,21-30,80.69311538,0.03566221008
no,corrida_5,81-nmol/mol,part_5,6,1-10,80.68436538,0.0379058197
no,corrida_5,81-nmol/mol,part_5,6,11-20,80.67001923,0.03438998911
no,corrida_5,81-nmol/mol,part_5,6,21-30,80.67388462,0.04822164542
no,corrida_5,81-nmol/mol,part_6,7,1-10,80.66296154,0.04748864012
no,corrida_5,81-nmol/mol,part_6,7,11-20,80.69105769,0.05048273297
no,corrida_5,81-nmol/mol,part_6,7,21-30,80.68567308,0.04154175062
no,corrida_5,81-nmol/mol,ref,1,1-10,80.66246154,0.02637581773
no,corrida_5,81-nmol/mol,ref,1,11-20,80.69938462,0.02686926857
no,corrida_5,81-nmol/mol,ref,1,21-30,80.67382692,0.0544821604
no2,corrida_1,0-nmol/mol,part_1,2,1-10,0.1969206616,0.1537362611
no2,corrida_1,0-nmol/mol,part_1,2,11-20,0.1471791981,0.1610663804
no2,corrida_1,0-nmol/mol,part_1,2,21-30,0.1097075803,0.161358976
no2,corrida_1,0-nmol/mol,part_2,3,1-10,0.1885491226,0.1599727045
no2,corrida_1,0-nmol/mol,part_2,3,11-20,0.2369392396,0.1602452736
no2,corrida_1,0-nmol/mol,part_2,3,21-30,0.1132581274,0.1622440201
no2,corrida_1,0-nmol/mol,part_3,4,1-10,0.06984606449,0.1728296876
no2,corrida_1,0-nmol/mol,part_3,4,11-20,0.08062960798,0.174668287
no2,corrida_1,0-nmol/mol,part_3,4,21-30,0.1107608962,0.1619662185
no2,corrida_1,0-nmol/mol,part_4,5,1-10,0.1716704315,0.1525089035
no2,corrida_1,0-nmol/mol,part_4,5,11-20,0.009241551117,0.161203543
no2,corrida_1,0-nmol/mol,part_4,5,21-30,0.0426654856,0.1155026838
no2,corrida_1,0-nmol/mol,part_5,6,1-10,0.1042069008,0.1623828152
no2,corrida_1,0-nmol/mol,part_5,6,11-20,0.125552001,0.175701209
no2,corrida_1,0-nmol/mol,part_5,6,21-30,0.09603082217,0.1922225321
no2,corrida_1,0-nmol/mol,part_6,7,1-10,0.1008351427,0.1690930075
no2,corrida_1,0-nmol/mol,part_6,7,11-20,0.1405228591,0.1497832896
no2,corrida_1,0-nmol/mol,part_6,7,21-30,0.1173067167,0.1570323181
no2,corrida_1,0-nmol/mol,ref,1,1-10,0.08267759822,0.161680244
no2,corrida_1,0-nmol/mol,ref,1,11-20,0.06830452507,0.1558289265
no2,corrida_1,0-nmol/mol,ref,1,21-30,0.2278229351,0.1272032024
no2,corrida_2,120-nmol/mol,part_1,2,1-10,123.1902532,0.4323916942
no2,corrida_2,120-nmol/mol,part_1,2,11-20,122.8555696,0.3084936198
no2,corrida_2,120-nmol/mol,part_1,2,21-30,123.1381013,0.4356038733
no2,corrida_2,120-nmol/mol,part_2,3,1-10,123.0389873,0.4784422401
no2,corrida_2,120-nmol/mol,part_2,3,11-20,122.934557,0.3427838597
no2,corrida_2,120-nmol/mol,part_2,3,21-30,122.9037975,0.5757306272
no2,corrida_2,120-nmol/mol,part_3,4,1-10,122.9379747,0.3386921697
no2,corrida_2,120-nmol/mol,part_3,4,11-20,122.8634177,0.3144467598
no2,corrida_2,120-nmol/mol,part_3,4,21-30,123.0340506,0.445312006
no2,corrida_2,120-nmol/mol,part_4,5,1-10,122.9993671,0.4253994335
no2,corrida_2,120-nmol/mol,part_4,5,11-20,122.9503797,0.5331102321
no2,corrida_2,120-nmol/mol,part_4,5,21-30,123.0324051,0.3662987769
no2,corrida_2,120-nmol/mol,part_5,6,1-10,122.8692405,0.3926957999
no2,corrida_2,120-nmol/mol,part_5,6,11-20,122.8505063,0.3478024289
no2,corrida_2,120-nmol/mol,part_5,6,21-30,122.9158228,0.1872013101
no2,corrida_2,120-nmol/mol,part_6,7,1-10,122.9827848,0.3397209898
no2,corrida_2,120-nmol/mol,part_6,7,11-20,122.9903797,0.4349714517
no2,corrida_2,120-nmol/mol,part_6,7,21-30,123.1150633,0.3611732767
no2,corrida_2,120-nmol/mol,ref,1,1-10,122.9264557,0.2870218545
no2,corrida_2,120-nmol/mol,ref,1,11-20,122.9618987,0.4048819258
no2,corrida_2,120-nmol/mol,ref,1,21-30,123.2335443,0.4767317275
no2,corrida_3,30-nmol/mol,part_1,2,1-10,32.92247619,0.03204520734
no2,corrida_3,30-nmol/mol,part_1,2,11-20,32.91139286,0.03869745765
no2,corrida_3,30-nmol/mol,part_1,2,21-30,32.91492857,0.02183825018
no2,corrida_3,30-nmol/mol,part_2,3,1-10,32.93104762,0.04150952226
no2,corrida_3,30-nmol/mol,part_2,3,11-20,32.91919048,0.0359351986
no2,corrida_3,30-nmol/mol,part_2,3,21-30,32.90007143,0.03463043196
no2,corrida_3,30-nmol/mol,part_3,4,1-10,32.91863095,0.02348959996
no2,corrida_3,30-nmol/mol,part_3,4,11-20,32.91003571,0.02069398217
no2,corrida_3,30-nmol/mol,part_3,4,21-30,32.91466667,0.02868780312
no2,corrida_3,30-nmol/mol,part_4,5,1-10,32.92505952,0.02288456317
no2,corrida_3,30-nmol/mol,part_4,5,11-20,32.89942857,0.04188081025
no2,corrida_3,30-nmol/mol,part_4,5,21-30,32.89067857,0.03024262819
no2,corrida_3,30-nmol/mol,part_5,6,1-10,32.94139286,0.02610273
no2,corrida_3,30-nmol/mol,part_5,6,11-20,32.9070119,0.03053315248
no2,corrida_3,30-nmol/mol,part_5,6,21-30,32.93436905,0.05276599254
no2,corrida_3,30-nmol/mol,part_6,7,1-10,32.91284524,0.05234075688
no2,corrida_3,30-nmol/mol,part_6,7,11-20,32.89002381,0.02469630352
no2,corrida_3,30-nmol/mol,part_6,7,21-30,32.9067381,0.04790924143
no2,corrida_3,30-nmol/mol,ref,1,1-10,32.90675,0.04353751716
no2,corrida_3,30-nmol/mol,ref,1,11-20,32.90366667,0.03345583123
no2,corrida_3,30-nmol/mol,ref,1,21-30,32.91733333,0.02835862106
no2,corrida_4,60-nmol/mol,part_1,2,1-10,64.9379011,0.3516349374
no2,corrida_4,60-nmol/mol,part_1,2,11-20,64.9980989,0.2533786669
no2,corrida_4,60-nmol/mol,part_1,2,21-30,64.97764835,0.2265595583
no2,corrida_4,60-nmol/mol,part_2,3,1-10,64.96463736,0.3322805651
no2,corrida_4,60-nmol/mol,part_2,3,11-20,64.93364835,0.2756202263
no2,corrida_4,60-nmol/mol,part_2,3,21-30,65.17783516,0.1485388323
no2,corrida_4,60-nmol/mol,part_3,4,1-10,64.96967033,0.2968006533
no2,corrida_4,60-nmol/mol,part_3,4,11-20,64.99964835,0.2659616117
no2,corrida_4,60-nmol/mol,part_3,4,21-30,64.97616484,0.235377635
no2,corrida_4,60-nmol/mol,part_4,5,1-10,64.97961538,0.2694314084
no2,corrida_4,60-nmol/mol,part_4,5,11-20,64.90434066,0.2821352059
no2,corrida_4,60-nmol/mol,part_4,5,21-30,64.81002198,0.2853463951
no2,corrida_4,60-nmol/mol,part_5,6,1-10,64.99354945,0.3758652058
no2,corrida_4,60-nmol/mol,part_5,6,11-20,65.00016484,0.3088128308
no2,corrida_4,60-nmol/mol,part_5,6,21-30,64.94946154,0.5081847256
no2,corrida_4,60-nmol/mol,part_6,7,1-10,64.94840659,0.2560404201
no2,corrida_4,60-nmol/mol,part_6,7,11-20,64.92214286,0.2907332088
no2,corrida_4,60-nmol/mol,part_6,7,21-30,65.05347253,0.1944678689
no2,corrida_4,60-nmol/mol,ref,1,1-10,65.12830769,0.2309215394
no2,corrida_4,60-nmol/mol,ref,1,11-20,64.97353846,0.3266979753
no2,corrida_4,60-nmol/mol,ref,1,21-30,64.94541758,0.3067250629
no2,corrida_5,90-nmol/mol,part_1,2,1-10,96.83286047,0.04108758221
no2,corrida_5,90-nmol/mol,part_1,2,11-20,96.8299186,0.04231812873
no2,corrida_5,90-nmol/mol,part_1,2,21-30,96.8360814,0.04021201736
no2,corrida_5,90-nmol/mol,part_2,3,1-10,96.84965116,0.03459979197
no2,corrida_5,90-nmol/mol,part_2,3,11-20,96.83754651,0.04423563958
no2,corrida_5,90-nmol/mol,part_2,3,21-30,96.83559302,0.03331189368
no2,corrida_5,90-nmol/mol,part_3,4,1-10,96.82680233,0.04020238484
no2,corrida_5,90-nmol/mol,part_3,4,11-20,96.83852326,0.03444574537
no2,corrida_5,90-nmol/mol,part_3,4,21-30,96.84786047,0.04936028479
no2,corrida_5,90-nmol/mol,part_4,5,1-10,96.86160465,0.03980002292
no2,corrida_5,90-nmol/mol,part_4,5,11-20,96.84455814,0.05184762474
no2,corrida_5,90-nmol/mol,part_4,5,21-30,96.8345814,0.04098086045
no2,corrida_5,90-nmol/mol,part_5,6,1-10,96.84322093,0.03189703714
no2,corrida_5,90-nmol/mol,part_5,6,11-20,96.8557907,0.03312385957
no2,corrida_5,90-nmol/mol,part_5,6,21-30,96.83072093,0.03836221782
no2,corrida_5,90-nmol/mol,part_6,7,1-10,96.84734884,0.04191249996
no2,corrida_5,90-nmol/mol,part_6,7,11-20,96.85490698,0.03708967365
no2,corrida_5,90-nmol/mol,part_6,7,21-30,96.81246512,0.03510009552
no2,corrida_5,90-nmol/mol,ref,1,1-10,96.82231395,0.05245105398
no2,corrida_5,90-nmol/mol,ref,1,11-20,96.83301163,0.04932308598
no2,corrida_5,90-nmol/mol,ref,1,21-30,96.81567442,0.04444703286
o3,corrida_1,0-nmol/mol,part_1,2,1-10,4.19E-05,2.66E-05
o3,corrida_1,0-nmol/mol,part_1,2,11-20,5.16E-05,3.79E-05
o3,corrida_1,0-nmol/mol,part_1,2,21-30,3.55E-05,2.82E-05
o3,corrida_1,0-nmol/mol,part_2,3,1-10,3.23E-05,4.02E-05
o3,corrida_1,0-nmol/mol,part_2,3,11-20,2.58E-05,2.04E-05
o3,corrida_1,0-nmol/mol,part_2,3,21-30,2.26E-05,2.18E-05
o3,corrida_1,0-nmol/mol,part_3,4,1-10,3.87E-05,3.66E-05
o3,corrida_1,0-nmol/mol,part_3,4,11-20,4.52E-05,3.79E-05
o3,corrida_1,0-nmol/mol,part_3,4,21-30,4.84E-05,3.13E-05
o3,corrida_1,0-nmol/mol,part_4,5,1-10,3.55E-05,3.55E-05
o3,corrida_1,0-nmol/mol,part_4,5,11-20,3.87E-05,4.25E-05
o3,corrida_1,0-nmol/mol,part_4,5,21-30,3.23E-05,3.04E-05
o3,corrida_1,0-nmol/mol,part_5,6,1-10,4.84E-05,3.13E-05
o3,corrida_1,0-nmol/mol,part_5,6,11-20,3.87E-05,3.66E-05
o3,corrida_1,0-nmol/mol,part_5,6,21-30,3.55E-05,3.21E-05
o3,corrida_1,0-nmol/mol,part_6,7,1-10,2.90E-05,2.82E-05
o3,corrida_1,0-nmol/mol,part_6,7,11-20,3.23E-05,2.63E-05
o3,corrida_1,0-nmol/mol,part_6,7,21-30,1.61E-05,2.28E-05
o3,corrida_1,0-nmol/mol,ref,1,1-10,2.58E-05,3.33E-05
o3,corrida_1,0-nmol/mol,ref,1,11-20,2.90E-05,2.82E-05
o3,corrida_1,0-nmol/mol,ref,1,21-30,4.84E-05,4.62E-05
o3,corrida_2,120-nmol/mol,part_1,2,1-10,120.0332808,0.8226852395
o3,corrida_2,120-nmol/mol,part_1,2,11-20,119.7423137,0.8374287466
o3,corrida_2,120-nmol/mol,part_1,2,21-30,120.2250029,0.7995346631
o3,corrida_2,120-nmol/mol,part_2,3,1-10,119.6025957,0.7652477885
o3,corrida_2,120-nmol/mol,part_2,3,11-20,119.5807042,0.8066845267
o3,corrida_2,120-nmol/mol,part_2,3,21-30,119.896511,0.8330564352
o3,corrida_2,120-nmol/mol,part_3,4,1-10,119.4500151,0.689816666
o3,corrida_2,120-nmol/mol,part_3,4,11-20,119.7191714,0.8071859708
o3,corrida_2,120-nmol/mol,part_3,4,21-30,120.3928095,0.6654579031
o3,corrida_2,120-nmol/mol,part_4,5,1-10,120.389371,0.6256134972
o3,corrida_2,120-nmol/mol,part_4,5,11-20,119.4096074,0.66848995
o3,corrida_2,120-nmol/mol,part_4,5,21-30,120.2253637,0.7801166245
o3,corrida_2,120-nmol/mol,part_5,6,1-10,119.8845147,0.8226780889
o3,corrida_2,120-nmol/mol,part_5,6,11-20,120.0653126,0.8254146948
o3,corrida_2,120-nmol/mol,part_5,6,21-30,119.4246186,0.6722136398
o3,corrida_2,120-nmol/mol,part_6,7,1-10,120.0500245,0.8388804258
o3,corrida_2,120-nmol/mol,part_6,7,11-20,120.0536955,0.8146704229
o3,corrida_2,120-nmol/mol,part_6,7,21-30,120.0686086,0.8190819424
o3,corrida_2,120-nmol/mol,ref,1,1-10,119.9002365,0.8177455749
o3,corrida_2,120-nmol/mol,ref,1,11-20,120.234887,0.7311777065
o3,corrida_2,120-nmol/mol,ref,1,21-30,120.03006,0.854234927
o3,corrida_3,180-nmol/mol,part_1,2,1-10,178.4235366,2.068767675
o3,corrida_3,180-nmol/mol,part_1,2,11-20,179.188952,1.931222763
o3,corrida_3,180-nmol/mol,part_1,2,21-30,178.0355914,2.064248785
o3,corrida_3,180-nmol/mol,part_2,3,1-10,179.5663432,1.707872848
o3,corrida_3,180-nmol/mol,part_2,3,11-20,178.7172869,2.042080383
o3,corrida_3,180-nmol/mol,part_2,3,21-30,177.6226955,1.936393742
o3,corrida_3,180-nmol/mol,part_3,4,1-10,177.601616,1.934799195
o3,corrida_3,180-nmol/mol,part_3,4,11-20,179.5850323,1.636689567
o3,corrida_3,180-nmol/mol,part_3,4,21-30,179.6352645,1.661527961
o3,corrida_3,180-nmol/mol,part_4,5,1-10,176.8469573,1.315833412
o3,corrida_3,180-nmol/mol,part_4,5,11-20,178.0114003,2.075673182
o3,corrida_3,180-nmol/mol,part_4,5,21-30,179.2128006,1.937855137
o3,corrida_3,180-nmol/mol,part_5,6,1-10,177.6251384,1.893571461
o3,corrida_3,180-nmol/mol,part_5,6,11-20,178.4267272,2.0516665
o3,corrida_3,180-nmol/mol,part_5,6,21-30,178.4073107,2.08329933
o3,corrida_3,180-nmol/mol,part_6,7,1-10,177.5793861,1.939648893
o3,corrida_3,180-nmol/mol,part_6,7,11-20,177.5843475,1.883656399
o3,corrida_3,180-nmol/mol,part_6,7,21-30,178.0192016,2.044901018
o3,corrida_3,180-nmol/mol,ref,1,1-10,178.8305338,2.017984864
o3,corrida_3,180-nmol/mol,ref,1,11-20,176.4109303,0.1597082867
o3,corrida_3,180-nmol/mol,ref,1,21-30,178.3675283,2.133870234
o3,corrida_4,40-nmol/mol,part_1,2,1-10,40.71882431,0.2595475682
o3,corrida_4,40-nmol/mol,part_1,2,11-20,40.50922565,0.3307500607
o3,corrida_4,40-nmol/mol,part_1,2,21-30,40.64519772,0.3216740624
o3,corrida_4,40-nmol/mol,part_2,3,1-10,40.58182444,0.3460074003
o3,corrida_4,40-nmol/mol,part_2,3,11-20,40.45759369,0.3295990814
o3,corrida_4,40-nmol/mol,part_2,3,21-30,40.45838539,0.3378297519
o3,corrida_4,40-nmol/mol,part_3,4,1-10,40.33930067,0.2657694924
o3,corrida_4,40-nmol/mol,part_3,4,11-20,40.53271398,0.3483234992
o3,corrida_4,40-nmol/mol,part_3,4,21-30,40.6116459,0.3206398998
o3,corrida_4,40-nmol/mol,part_4,5,1-10,40.73331093,0.2589074724
o3,corrida_4,40-nmol/mol,part_4,5,11-20,40.5266865,0.3546677635
o3,corrida_4,40-nmol/mol,part_4,5,21-30,40.64468358,0.3124499564
o3,corrida_4,40-nmol/mol,part_5,6,1-10,40.60423697,0.3561450526
o3,corrida_4,40-nmol/mol,part_5,6,11-20,40.53076791,0.3260115075
o3,corrida_4,40-nmol/mol,part_5,6,21-30,40.40684202,0.312423434
o3,corrida_4,40-nmol/mol,part_6,7,1-10,40.44659266,0.3240363021
o3,corrida_4,40-nmol/mol,part_6,7,11-20,40.40270004,0.3182664412
o3,corrida_4,40-nmol/mol,part_6,7,21-30,40.45771824,0.334284641
o3,corrida_4,40-nmol/mol,ref,1,1-10,40.45005009,0.336475863
o3,corrida_4,40-nmol/mol,ref,1,11-20,40.46970953,0.3295631087
o3,corrida_4,40-nmol/mol,ref,1,21-30,40.58976467,0.3402673326
o3,corrida_5,80-nmol/mol,part_1,2,1-10,80.20516813,0.5700385897
o3,corrida_5,80-nmol/mol,part_1,2,11-20,80.0886563,0.5889511351
o3,corrida_5,80-nmol/mol,part_1,2,21-30,80.33131402,0.531907125
o3,corrida_5,80-nmol/mol,part_2,3,1-10,80.0763115,0.584633873
o3,corrida_5,80-nmol/mol,part_2,3,11-20,79.97896781,0.5844624405
o3,corrida_5,80-nmol/mol,part_2,3,21-30,80.22547551,0.5848484413
o3,corrida_5,80-nmol/mol,part_3,4,1-10,80.3182277,0.530314845
o3,corrida_5,80-nmol/mol,part_3,4,11-20,79.982358,0.563574843
o3,corrida_5,80-nmol/mol,part_3,4,21-30,79.8686263,0.574416412
o3,corrida_5,80-nmol/mol,part_4,5,1-10,80.18990472,0.595818079
o3,corrida_5,80-nmol/mol,part_4,5,11-20,80.46071999,0.4697399599
o3,corrida_5,80-nmol/mol,part_4,5,21-30,80.19644861,0.6064866088
o3,corrida_5,80-nmol/mol,part_5,6,1-10,79.85825379,0.5578532583
o3,corrida_5,80-nmol/mol,part_5,6,11-20,80.20554587,0.5778094173
o3,corrida_5,80-nmol/mol,part_5,6,21-30,79.85390587,0.5636915443
o3,corrida_5,80-nmol/mol,part_6,7,1-10,80.09326851,0.583664342
o3,corrida_5,80-nmol/mol,part_6,7,11-20,79.98819693,0.5821749598
o3,corrida_5,80-nmol/mol,part_6,7,21-30,79.99426024,0.5630488645
o3,corrida_5,80-nmol/mol,ref,1,1-10,80.11173227,0.5966536517
o3,corrida_5,80-nmol/mol,ref,1,11-20,79.75636487,0.4862924385
o3,corrida_5,80-nmol/mol,ref,1,21-30,80.21337697,0.5813349954
so2,corrida_1,0-nmol/mol,part_1,2,1-10,0.0558490566,0.03383624418
so2,corrida_1,0-nmol/mol,part_1,2,11-20,0.09113207547,0.0402618894
so2,corrida_1,0-nmol/mol,part_1,2,21-30,0.04150943396,0.0504714532
so2,corrida_1,0-nmol/mol,part_2,3,1-10,0.04056603774,0.04192898323
so2,corrida_1,0-nmol/mol,part_2,3,11-20,0.04094339623,0.04077926507
so2,corrida_1,0-nmol/mol,part_2,3,21-30,0.03245283019,0.05354266502
so2,corrida_1,0-nmol/mol,part_3,4,1-10,0.05924528302,0.04847420781
so2,corrida_1,0-nmol/mol,part_3,4,11-20,0.03150943396,0.02353327682
so2,corrida_1,0-nmol/mol,part_3,4,21-30,0.07471698113,0.04626127125
so2,corrida_1,0-nmol/mol,part_4,5,1-10,0.05924528302,0.03248840135
so2,corrida_1,0-nmol/mol,part_4,5,11-20,0.06924528302,0.03013687904
so2,corrida_1,0-nmol/mol,part_4,5,21-30,0.07283018868,0.05323445206
so2,corrida_1,0-nmol/mol,part_5,6,1-10,0.07150943396,0.0262867502
so2,corrida_1,0-nmol/mol,part_5,6,11-20,0.05547169811,0.04820417265
so2,corrida_1,0-nmol/mol,part_5,6,21-30,0.05943396226,0.05178854812
so2,corrida_1,0-nmol/mol,part_6,7,1-10,0.02377358491,0.04538074709
so2,corrida_1,0-nmol/mol,part_6,7,11-20,0.03566037736,0.0438220833
so2,corrida_1,0-nmol/mol,part_6,7,21-30,0.04830188679,0.05358254343
so2,corrida_1,0-nmol/mol,ref,1,1-10,0.07113207547,0.06299394428
so2,corrida_1,0-nmol/mol,ref,1,11-20,0.03943396226,0.04544389661
so2,corrida_1,0-nmol/mol,ref,1,21-30,0.05886792453,0.03407621229
so2,corrida_2,100-nmol/mol,part_1,2,1-10,99.48724452,0.607587221
so2,corrida_2,100-nmol/mol,part_1,2,11-20,99.54488898,0.5390339508
so2,corrida_2,100-nmol/mol,part_1,2,21-30,99.63005752,0.561127147
so2,corrida_2,100-nmol/mol,part_2,3,1-10,99.74440744,0.5287556337
so2,corrida_2,100-nmol/mol,part_2,3,11-20,99.51626271,0.5851792989
so2,corrida_2,100-nmol/mol,part_2,3,21-30,99.70441546,0.5266679533
so2,corrida_2,100-nmol/mol,part_3,4,1-10,99.50237961,0.5718841788
so2,corrida_2,100-nmol/mol,part_3,4,11-20,99.74436196,0.5491544561
so2,corrida_2,100-nmol/mol,part_3,4,21-30,99.61124799,0.5860587598
so2,corrida_2,100-nmol/mol,part_4,5,1-10,99.72700241,0.5226200813
so2,corrida_2,100-nmol/mol,part_4,5,11-20,99.50978464,0.6120546203
so2,corrida_2,100-nmol/mol,part_4,5,21-30,99.52652087,0.5983652682
so2,corrida_2,100-nmol/mol,part_5,6,1-10,99.59914794,0.5864867024
so2,corrida_2,100-nmol/mol,part_5,6,11-20,99.51472713,0.5813318423
so2,corrida_2,100-nmol/mol,part_5,6,21-30,99.51810059,0.6073253666
so2,corrida_2,100-nmol/mol,part_6,7,1-10,99.26990503,0.5424006525
so2,corrida_2,100-nmol/mol,part_6,7,11-20,99.51230605,0.5619438911
so2,corrida_2,100-nmol/mol,part_6,7,21-30,99.48809658,0.5841324665
so2,corrida_2,100-nmol/mol,ref,1,1-10,99.48692349,0.5961014836
so2,corrida_2,100-nmol/mol,ref,1,11-20,99.17261236,0.451325593
so2,corrida_2,100-nmol/mol,ref,1,21-30,99.41293472,0.5512643037
so2,corrida_3,140-nmol/mol,part_1,2,1-10,139.0212024,0.4889049742
so2,corrida_3,140-nmol/mol,part_1,2,11-20,139.0167558,0.4704368938
so2,corrida_3,140-nmol/mol,part_1,2,21-30,139.1936885,0.4652684818
so2,corrida_3,140-nmol/mol,part_2,3,1-10,139.4065246,0.3741027543
so2,corrida_3,140-nmol/mol,part_2,3,11-20,139.37035,0.3846212508
so2,corrida_3,140-nmol/mol,part_2,3,21-30,139.2979452,0.4984598085
so2,corrida_3,140-nmol/mol,part_3,4,1-10,139.1931448,0.4835956874
so2,corrida_3,140-nmol/mol,part_3,4,11-20,139.0135542,0.4593662553
so2,corrida_3,140-nmol/mol,part_3,4,21-30,138.9975707,0.4807623945
so2,corrida_3,140-nmol/mol,part_4,5,1-10,139.1895531,0.5150630261
so2,corrida_3,140-nmol/mol,part_4,5,11-20,139.3556051,0.4318569225
so2,corrida_3,140-nmol/mol,part_4,5,21-30,139.0921658,0.4819531602
so2,corrida_3,140-nmol/mol,part_5,6,1-10,139.0790365,0.5130990582
so2,corrida_3,140-nmol/mol,part_5,6,11-20,139.1053287,0.5023368905
so2,corrida_3,140-nmol/mol,part_5,6,21-30,139.1063645,0.5094595127
so2,corrida_3,140-nmol/mol,part_6,7,1-10,139.1014,0.5031863835
so2,corrida_3,140-nmol/mol,part_6,7,11-20,139.0392561,0.4894372294
so2,corrida_3,140-nmol/mol,part_6,7,21-30,139.1119592,0.476544279
so2,corrida_3,140-nmol/mol,ref,1,1-10,139.1110203,0.492918247
so2,corrida_3,140-nmol/mol,ref,1,11-20,139.1001886,0.4704438112
so2,corrida_3,140-nmol/mol,ref,1,21-30,138.8876999,0.462193335
so2,corrida_4,180-nmol/mol,part_1,2,1-10,180.4133823,0.4193915593
so2,corrida_4,180-nmol/mol,part_1,2,11-20,180.7630632,0.4038086149
so2,corrida_4,180-nmol/mol,part_1,2,21-30,180.8409618,0.2832673482
so2,corrida_4,180-nmol/mol,part_2,3,1-10,180.5306438,0.4449482409
so2,corrida_4,180-nmol/mol,part_2,3,11-20,180.5303202,0.409064027
so2,corrida_4,180-nmol/mol,part_2,3,21-30,180.3848848,0.2916035908
so2,corrida_4,180-nmol/mol,part_3,4,1-10,180.4273338,0.337706371
so2,corrida_4,180-nmol/mol,part_3,4,11-20,180.4341138,0.4116612703
so2,corrida_4,180-nmol/mol,part_3,4,21-30,180.3156164,0.414458292
so2,corrida_4,180-nmol/mol,part_4,5,1-10,180.5649868,0.4533918436
so2,corrida_4,180-nmol/mol,part_4,5,11-20,180.697256,0.401250128
so2,corrida_4,180-nmol/mol,part_4,5,21-30,180.3700669,0.4401655046
so2,corrida_4,180-nmol/mol,part_5,6,1-10,180.4710265,0.3757026223
so2,corrida_4,180-nmol/mol,part_5,6,11-20,180.8231981,0.292435391
so2,corrida_4,180-nmol/mol,part_5,6,21-30,180.6181794,0.4699426144
so2,corrida_4,180-nmol/mol,part_6,7,1-10,180.9201031,0.1168741102
so2,corrida_4,180-nmol/mol,part_6,7,11-20,180.5142301,0.4112393558
so2,corrida_4,180-nmol/mol,part_6,7,21-30,180.5179118,0.4280667173
so2,corrida_4,180-nmol/mol,ref,1,1-10,180.5389373,0.4408463544
so2,corrida_4,180-nmol/mol,ref,1,11-20,180.6940864,0.3849794119
so2,corrida_4,180-nmol/mol,ref,1,21-30,180.6070202,0.4158111119
so2,corrida_5,60-nmol/mol,part_1,2,1-10,59.89354839,0.03536237845
so2,corrida_5,60-nmol/mol,part_1,2,11-20,59.90182796,0.03134531046
so2,corrida_5,60-nmol/mol,part_1,2,21-30,59.91817204,0.03055416282
so2,corrida_5,60-nmol/mol,part_2,3,1-10,59.88236559,0.0425458748
so2,corrida_5,60-nmol/mol,part_2,3,11-20,59.90473118,0.03398862574
so2,corrida_5,60-nmol/mol,part_2,3,21-30,59.88430108,0.03632364946
so2,corrida_5,60-nmol/mol,part_3,4,1-10,59.87860215,0.04476543239
so2,corrida_5,60-nmol/mol,part_3,4,11-20,59.90344086,0.03459774775
so2,corrida_5,60-nmol/mol,part_3,4,21-30,59.89258065,0.03829074381
so2,corrida_5,60-nmol/mol,part_4,5,1-10,59.87397849,0.04001772452
so2,corrida_5,60-nmol/mol,part_4,5,11-20,59.90172043,0.03395459135
so2,corrida_5,60-nmol/mol,part_4,5,21-30,59.8944086,0.02680658556
so2,corrida_5,60-nmol/mol,part_5,6,1-10,59.89010753,0.03632577144
so2,corrida_5,60-nmol/mol,part_5,6,11-20,59.88817204,0.02797995564
so2,corrida_5,60-nmol/mol,part_5,6,21-30,59.88548387,0.03808486182
so2,corrida_5,60-nmol/mol,part_6,7,1-10,59.90655914,0.03555241199
so2,corrida_5,60-nmol/mol,part_6,7,11-20,59.88408602,0.0488844741
so2,corrida_5,60-nmol/mol,part_6,7,21-30,59.89483871,0.03830868907
so2,corrida_5,60-nmol/mol,ref,1,1-10,59.90602151,0.02795331287
so2,corrida_5,60-nmol/mol,ref,1,11-20,59.88344086,0.05856064866
so2,corrida_5,60-nmol/mol,ref,1,21-30,59.89731183,0.04013776843
