pollutant,level,concentration,participant_id,replicate,sample_group,mean_value,sd_value
co,corrida_1,0-μmol/mol,part_1,2,1-10,-0.01655403452,0.02894754983
co,corrida_1,0-μmol/mol,part_1,2,11-20,-0.03817699719,0.02300282121
co,corrida_1,0-μmol/mol,part_1,2,21-30,-0.03296246487,0.02674203605
co,corrida_1,0-μmol/mol,part_10,11,1-10,-0.01101545564,0.02593351357
co,corrida_1,0-μmol/mol,part_10,11,11-20,-0.001097390606,0.01724597952
co,corrida_1,0-μmol/mol,part_10,11,21-30,-0.01747017262,0.02849683636
co,corrida_1,0-μmol/mol,part_11,12,1-10,-0.01108301887,0.02546269553
co,corrida_1,0-μmol/mol,part_11,12,11-20,-0.01697607387,0.02871407137
co,corrida_1,0-μmol/mol,part_11,12,21-30,-0.02260457648,0.02798606109
co,corrida_1,0-μmol/mol,part_12,13,1-10,-0.02768321959,0.02775181956
co,corrida_1,0-μmol/mol,part_12,13,11-20,-0.01709289442,0.02844392402
co,corrida_1,0-μmol/mol,part_12,13,21-30,-0.02767302288,0.02736411092
co,corrida_1,0-μmol/mol,part_2,3,1-10,-0.006355760739,0.02253963905
co,corrida_1,0-μmol/mol,part_2,3,11-20,-0.02260293055,0.02945168351
co,corrida_1,0-μmol/mol,part_2,3,21-30,-0.02207462866,0.02805531062
co,corrida_1,0-μmol/mol,part_3,4,1-10,-0.006493777599,0.02518612166
co,corrida_1,0-μmol/mol,part_3,4,11-20,-0.01692826174,0.02795740865
co,corrida_1,0-μmol/mol,part_3,4,21-30,-0.02361991168,0.02907046197
co,corrida_1,0-μmol/mol,part_4,5,1-10,-0.01790192694,0.02891377863
co,corrida_1,0-μmol/mol,part_4,5,11-20,0.004761702128,0.001474181333
co,corrida_1,0-μmol/mol,part_4,5,21-30,-0.02249317543,0.02945601785
co,corrida_1,0-μmol/mol,part_5,6,1-10,-0.02790136491,0.0273329791
co,corrida_1,0-μmol/mol,part_5,6,11-20,-0.02738663187,0.02873175739
co,corrida_1,0-μmol/mol,part_5,6,21-30,-0.02216784424,0.02873994368
co,corrida_1,0-μmol/mol,part_6,7,1-10,-0.01120236853,0.02657139748
co,corrida_1,0-μmol/mol,part_6,7,11-20,-0.01185331192,0.02599925204
co,corrida_1,0-μmol/mol,part_6,7,21-30,-0.03313990365,0.02658780998
co,corrida_1,0-μmol/mol,part_7,8,1-10,-0.0169780008,0.02783912325
co,corrida_1,0-μmol/mol,part_7,8,11-20,-0.02809779205,0.02686813069
co,corrida_1,0-μmol/mol,part_7,8,21-30,-0.01794419912,0.02850148629
co,corrida_1,0-μmol/mol,part_8,9,1-10,-0.02810562023,0.02876206613
co,corrida_1,0-μmol/mol,part_8,9,11-20,-0.0167685267,0.02802154401
co,corrida_1,0-μmol/mol,part_8,9,21-30,-0.02250104376,0.02851722971
co,corrida_1,0-μmol/mol,part_9,10,1-10,-8.51E-05,0.01735044156
co,corrida_1,0-μmol/mol,part_9,10,11-20,-0.006640907266,0.02233502389
co,corrida_1,0-μmol/mol,part_9,10,21-30,-0.01735945403,0.02845163495
co,corrida_1,0-μmol/mol,ref,1,1-10,-0.02353986351,0.02798945416
co,corrida_1,0-μmol/mol,ref,1,11-20,-0.04371087916,0.01648544374
co,corrida_1,0-μmol/mol,ref,1,21-30,-0.02295576074,0.02897877468
co,corrida_2,2-μmol/mol,part_1,2,1-10,2.015084634,0.004405973375
co,corrida_2,2-μmol/mol,part_1,2,11-20,2.013660993,0.003296423
co,corrida_2,2-μmol/mol,part_1,2,21-30,2.013344638,0.005037567911
co,corrida_2,2-μmol/mol,part_10,11,1-10,2.013565076,0.003990759553
co,corrida_2,2-μmol/mol,part_10,11,11-20,2.014488094,0.005049839464
co,corrida_2,2-μmol/mol,part_10,11,21-30,2.01526009,0.006108882999
co,corrida_2,2-μmol/mol,part_11,12,1-10,2.012894283,0.004939886075
co,corrida_2,2-μmol/mol,part_11,12,11-20,2.014491253,0.002854481955
co,corrida_2,2-μmol/mol,part_11,12,21-30,2.012081625,0.004222387523
co,corrida_2,2-μmol/mol,part_12,13,1-10,2.016583946,0.003182219146
co,corrida_2,2-μmol/mol,part_12,13,11-20,2.012937739,0.004451304592
co,corrida_2,2-μmol/mol,part_12,13,21-30,2.012887342,0.004714702149
co,corrida_2,2-μmol/mol,part_2,3,1-10,2.011254717,0.004598800127
co,corrida_2,2-μmol/mol,part_2,3,11-20,2.013242467,0.00639790199
co,corrida_2,2-μmol/mol,part_2,3,21-30,2.014678723,0.004032566479
co,corrida_2,2-μmol/mol,part_3,4,1-10,2.01150836,0.004180097697
co,corrida_2,2-μmol/mol,part_3,4,11-20,2.01631326,0.003325714078
co,corrida_2,2-μmol/mol,part_3,4,21-30,2.014930496,0.004480125378
co,corrida_2,2-μmol/mol,part_4,5,1-10,2.014205803,0.005227480962
co,corrida_2,2-μmol/mol,part_4,5,11-20,2.01467709,0.005117504639
co,corrida_2,2-μmol/mol,part_4,5,21-30,2.013792929,0.004370747328
co,corrida_2,2-μmol/mol,part_5,6,1-10,2.015212336,0.005258174755
co,corrida_2,2-μmol/mol,part_5,6,11-20,2.01014309,0.002641563957
co,corrida_2,2-μmol/mol,part_5,6,21-30,2.011507801,0.003246141211
co,corrida_2,2-μmol/mol,part_6,7,1-10,2.01089222,0.005609290816
co,corrida_2,2-μmol/mol,part_6,7,11-20,2.01610303,0.005477605448
co,corrida_2,2-μmol/mol,part_6,7,21-30,2.012599742,0.004266532215
co,corrida_2,2-μmol/mol,part_7,8,1-10,2.013188502,0.004833985121
co,corrida_2,2-μmol/mol,part_7,8,11-20,2.013786847,0.00435984478
co,corrida_2,2-μmol/mol,part_7,8,21-30,2.015657038,0.005579136206
co,corrida_2,2-μmol/mol,part_8,9,1-10,2.014925145,0.00482200055
co,corrida_2,2-μmol/mol,part_8,9,11-20,2.013279239,0.005440711229
co,corrida_2,2-μmol/mol,part_8,9,21-30,2.012287685,0.006069125364
co,corrida_2,2-μmol/mol,part_9,10,1-10,2.01138184,0.003180137669
co,corrida_2,2-μmol/mol,part_9,10,11-20,2.013018762,0.003888451327
co,corrida_2,2-μmol/mol,part_9,10,21-30,2.015750849,0.0054139433
co,corrida_2,2-μmol/mol,ref,1,1-10,2.014549216,0.005596644119
co,corrida_2,2-μmol/mol,ref,1,11-20,2.014296712,0.005034293925
co,corrida_2,2-μmol/mol,ref,1,21-30,2.013684354,0.004764986246
co,corrida_3,4-μmol/mol,part_1,2,1-10,4.027966017,0.01141214614
co,corrida_3,4-μmol/mol,part_1,2,11-20,4.024417165,0.01275953114
co,corrida_3,4-μmol/mol,part_1,2,21-30,4.024483615,0.01157613336
co,corrida_3,4-μmol/mol,part_10,11,1-10,4.028849221,0.009867489003
co,corrida_3,4-μmol/mol,part_10,11,11-20,4.019665173,0.0109489283
co,corrida_3,4-μmol/mol,part_10,11,21-30,4.024718723,0.01243387037
co,corrida_3,4-μmol/mol,part_11,12,1-10,4.017582078,0.01284441978
co,corrida_3,4-μmol/mol,part_11,12,11-20,4.018422381,0.01287438209
co,corrida_3,4-μmol/mol,part_11,12,21-30,4.020684416,0.01282658146
co,corrida_3,4-μmol/mol,part_12,13,1-10,4.023844632,0.01154550119
co,corrida_3,4-μmol/mol,part_12,13,11-20,4.020727489,0.01310677052
co,corrida_3,4-μmol/mol,part_12,13,21-30,4.021554459,0.01240512244
co,corrida_3,4-μmol/mol,part_2,3,1-10,4.018774156,0.01083300985
co,corrida_3,4-μmol/mol,part_2,3,11-20,4.02344816,0.01234591756
co,corrida_3,4-μmol/mol,part_2,3,21-30,4.021702554,0.01184812201
co,corrida_3,4-μmol/mol,part_3,4,1-10,4.028894892,0.009797960663
co,corrida_3,4-μmol/mol,part_3,4,11-20,4.01781868,0.0125832341
co,corrida_3,4-μmol/mol,part_3,4,21-30,4.022672987,0.01298955866
co,corrida_3,4-μmol/mol,part_4,5,1-10,4.023195498,0.01308229659
co,corrida_3,4-μmol/mol,part_4,5,11-20,4.016932294,0.01296864198
co,corrida_3,4-μmol/mol,part_4,5,21-30,4.015306234,0.01116405047
co,corrida_3,4-μmol/mol,part_5,6,1-10,4.025923333,0.01354246301
co,corrida_3,4-μmol/mol,part_5,6,11-20,4.026119113,0.01195605252
co,corrida_3,4-μmol/mol,part_5,6,21-30,4.027467511,0.0115191536
co,corrida_3,4-μmol/mol,part_6,7,1-10,4.02722171,0.01323448748
co,corrida_3,4-μmol/mol,part_6,7,11-20,4.025798571,0.01194788773
co,corrida_3,4-μmol/mol,part_6,7,21-30,4.021210411,0.01366953332
co,corrida_3,4-μmol/mol,part_7,8,1-10,4.027730152,0.01158242374
co,corrida_3,4-μmol/mol,part_7,8,11-20,4.017211364,0.01021885317
co,corrida_3,4-μmol/mol,part_7,8,21-30,4.029726385,0.01062051783
co,corrida_3,4-μmol/mol,part_8,9,1-10,4.021482554,0.01187377102
co,corrida_3,4-μmol/mol,part_8,9,11-20,4.025019459,0.01290453363
co,corrida_3,4-μmol/mol,part_8,9,21-30,4.02351619,0.01387578289
co,corrida_3,4-μmol/mol,part_9,10,1-10,4.021378874,0.01325205337
co,corrida_3,4-μmol/mol,part_9,10,11-20,4.024241147,0.01301363133
co,corrida_3,4-μmol/mol,part_9,10,21-30,4.024060519,0.01307748926
co,corrida_3,4-μmol/mol,ref,1,1-10,4.018103918,0.010939618
co,corrida_3,4-μmol/mol,ref,1,11-20,4.02093329,0.01222430884
co,corrida_3,4-μmol/mol,ref,1,21-30,4.023432576,0.01276404362
co,corrida_4,6-μmol/mol,part_1,2,1-10,6.066020115,0.01288587298
co,corrida_4,6-μmol/mol,part_1,2,11-20,6.075459893,0.01278716904
co,corrida_4,6-μmol/mol,part_1,2,21-30,6.071443966,0.01288213649
co,corrida_4,6-μmol/mol,part_10,11,1-10,6.072203571,0.01466112154
co,corrida_4,6-μmol/mol,part_10,11,11-20,6.069049548,0.01418396723
co,corrida_4,6-μmol/mol,part_10,11,21-30,6.077327504,0.01187648662
co,corrida_4,6-μmol/mol,part_11,12,1-10,6.070057553,0.01470542273
co,corrida_4,6-μmol/mol,part_11,12,11-20,6.073738793,0.01479128557
co,corrida_4,6-μmol/mol,part_11,12,21-30,6.072748933,0.01073893411
co,corrida_4,6-μmol/mol,part_12,13,1-10,6.073284031,0.01250321239
co,corrida_4,6-μmol/mol,part_12,13,11-20,6.07876876,0.01378461289
co,corrida_4,6-μmol/mol,part_12,13,21-30,6.072790353,0.01360915504
co,corrida_4,6-μmol/mol,part_2,3,1-10,6.073832184,0.01185077189
co,corrida_4,6-μmol/mol,part_2,3,11-20,6.068262315,0.01074842852
co,corrida_4,6-μmol/mol,part_2,3,21-30,6.072428202,0.0160451799
co,corrida_4,6-μmol/mol,part_3,4,1-10,6.071939614,0.01441770376
co,corrida_4,6-μmol/mol,part_3,4,11-20,6.073072167,0.01316313041
co,corrida_4,6-μmol/mol,part_3,4,21-30,6.076271346,0.01243963773
co,corrida_4,6-μmol/mol,part_4,5,1-10,6.072996675,0.01250347608
co,corrida_4,6-μmol/mol,part_4,5,11-20,6.073220977,0.0147201798
co,corrida_4,6-μmol/mol,part_4,5,21-30,6.074484031,0.01461172487
co,corrida_4,6-μmol/mol,part_5,6,1-10,6.071007102,0.01210873674
co,corrida_4,6-μmol/mol,part_5,6,11-20,6.070813834,0.01474198097
co,corrida_4,6-μmol/mol,part_5,6,21-30,6.076513136,0.01263839056
co,corrida_4,6-μmol/mol,part_6,7,1-10,6.078409975,0.01007001464
co,corrida_4,6-μmol/mol,part_6,7,11-20,6.072340312,0.01364222293
co,corrida_4,6-μmol/mol,part_6,7,21-30,6.076827094,0.01154571466
co,corrida_4,6-μmol/mol,part_7,8,1-10,6.067185181,0.01385766664
co,corrida_4,6-μmol/mol,part_7,8,11-20,6.069373686,0.01312957762
co,corrida_4,6-μmol/mol,part_7,8,21-30,6.076205911,0.01097899464
co,corrida_4,6-μmol/mol,part_8,9,1-10,6.072969992,0.01292433386
co,corrida_4,6-μmol/mol,part_8,9,11-20,6.073153982,0.01312165673
co,corrida_4,6-μmol/mol,part_8,9,21-30,6.073160057,0.0121160771
co,corrida_4,6-μmol/mol,part_9,10,1-10,6.073417159,0.01342338176
co,corrida_4,6-μmol/mol,part_9,10,11-20,6.069108128,0.01272680189
co,corrida_4,6-μmol/mol,part_9,10,21-30,6.066215435,0.01454996455
co,corrida_4,6-μmol/mol,ref,1,1-10,6.072677627,0.01426333159
co,corrida_4,6-μmol/mol,ref,1,11-20,6.0684961,0.012519516
co,corrida_4,6-μmol/mol,ref,1,21-30,6.070790722,0.01312975018
co,corrida_5,8-μmol/mol,part_1,2,1-10,8.025655307,0.05953784052
co,corrida_5,8-μmol/mol,part_1,2,11-20,8.016953517,0.05789739414
co,corrida_5,8-μmol/mol,part_1,2,21-30,8.019529369,0.05662384638
co,corrida_5,8-μmol/mol,part_10,11,1-10,8.081831628,0.03763615958
co,corrida_5,8-μmol/mol,part_10,11,11-20,8.041931735,0.05821557358
co,corrida_5,8-μmol/mol,part_10,11,21-30,8.001183589,0.0496176703
co,corrida_5,8-μmol/mol,part_11,12,1-10,8.03787419,0.06043910448
co,corrida_5,8-μmol/mol,part_11,12,11-20,8.045293478,0.06018572344
co,corrida_5,8-μmol/mol,part_11,12,21-30,8.003971462,0.05735380781
co,corrida_5,8-μmol/mol,part_12,13,1-10,8.047495226,0.06302142178
co,corrida_5,8-μmol/mol,part_12,13,11-20,8.104372826,0.01179300022
co,corrida_5,8-μmol/mol,part_12,13,21-30,8.05378555,0.06344911135
co,corrida_5,8-μmol/mol,part_2,3,1-10,8.033097826,0.05775366121
co,corrida_5,8-μmol/mol,part_2,3,11-20,8.064754369,0.05406230848
co,corrida_5,8-μmol/mol,part_2,3,21-30,8.06223702,0.05370806409
co,corrida_5,8-μmol/mol,part_3,4,1-10,8.064098252,0.05587267469
co,corrida_5,8-μmol/mol,part_3,4,11-20,8.027596803,0.05731772311
co,corrida_5,8-μmol/mol,part_3,4,21-30,8.052855669,0.06203241646
co,corrida_5,8-μmol/mol,part_4,5,1-10,8.068257502,0.06133645457
co,corrida_5,8-μmol/mol,part_4,5,11-20,8.051469949,0.06480799728
co,corrida_5,8-μmol/mol,part_4,5,21-30,8.036514408,0.06091577413
co,corrida_5,8-μmol/mol,part_5,6,1-10,8.018580776,0.05397761741
co,corrida_5,8-μmol/mol,part_5,6,11-20,8.02783653,0.05956367257
co,corrida_5,8-μmol/mol,part_5,6,21-30,8.038196611,0.06322780459
co,corrida_5,8-μmol/mol,part_6,7,1-10,8.06311737,0.05788794187
co,corrida_5,8-μmol/mol,part_6,7,11-20,8.075201108,0.04696824594
co,corrida_5,8-μmol/mol,part_6,7,21-30,8.060991176,0.04893189611
co,corrida_5,8-μmol/mol,part_7,8,1-10,8.041304007,0.06280797023
co,corrida_5,8-μmol/mol,part_7,8,11-20,8.037805009,0.05713542262
co,corrida_5,8-μmol/mol,part_7,8,21-30,8.015841858,0.05814027183
co,corrida_5,8-μmol/mol,part_8,9,1-10,8.042813789,0.06295689679
co,corrida_5,8-μmol/mol,part_8,9,11-20,8.021133994,0.05568470927
co,corrida_5,8-μmol/mol,part_8,9,21-30,8.038622208,0.06401584221
co,corrida_5,8-μmol/mol,part_9,10,1-10,8.029767796,0.05731793227
co,corrida_5,8-μmol/mol,part_9,10,11-20,8.030044224,0.05750577827
co,corrida_5,8-μmol/mol,part_9,10,21-30,8.052551982,0.06022826816
co,corrida_5,8-μmol/mol,ref,1,1-10,8.024257779,0.06472028398
co,corrida_5,8-μmol/mol,ref,1,11-20,8.046911402,0.06217984198
co,corrida_5,8-μmol/mol,ref,1,21-30,8.026096803,0.0625901443
no,corrida_1,0-nmol/mol,part_1,2,1-10,0.609170202,0.1264510585
no,corrida_1,0-nmol/mol,part_1,2,11-20,0.5395320707,0.09738011808
no,corrida_1,0-nmol/mol,part_1,2,21-30,0.5753128788,0.1666456292
no,corrida_1,0-nmol/mol,part_10,11,1-10,0.612895202,0.1721193718
no,corrida_1,0-nmol/mol,part_10,11,11-20,0.5341669192,0.08748901507
no,corrida_1,0-nmol/mol,part_10,11,21-30,0.6136573232,0.1340641242
no,corrida_1,0-nmol/mol,part_11,12,1-10,0.5193914141,0.1331807632
no,corrida_1,0-nmol/mol,part_11,12,11-20,0.5129305556,0.1024638818
no,corrida_1,0-nmol/mol,part_11,12,21-30,0.5668244949,0.1210617649
no,corrida_1,0-nmol/mol,part_12,13,1-10,0.5432929293,0.1280828354
no,corrida_1,0-nmol/mol,part_12,13,11-20,0.5466818182,0.1483635976
no,corrida_1,0-nmol/mol,part_12,13,21-30,0.5527896465,0.1204330351
no,corrida_1,0-nmol/mol,part_2,3,1-10,0.5963179293,0.1685827735
no,corrida_1,0-nmol/mol,part_2,3,11-20,0.5940906566,0.1624590938
no,corrida_1,0-nmol/mol,part_2,3,21-30,0.5153813131,0.1122384325
no,corrida_1,0-nmol/mol,part_3,4,1-10,0.512379798,0.076176571
no,corrida_1,0-nmol/mol,part_3,4,11-20,0.5881401515,0.1264172357
no,corrida_1,0-nmol/mol,part_3,4,21-30,0.5641022727,0.1338345316
no,corrida_1,0-nmol/mol,part_4,5,1-10,0.6783040404,0.1355830316
no,corrida_1,0-nmol/mol,part_4,5,11-20,0.5747977273,0.1778906839
no,corrida_1,0-nmol/mol,part_4,5,21-30,0.5563330808,0.1468534078
no,corrida_1,0-nmol/mol,part_5,6,1-10,0.585555303,0.1511850119
no,corrida_1,0-nmol/mol,part_5,6,11-20,0.5946886364,0.1021025345
no,corrida_1,0-nmol/mol,part_5,6,21-30,0.5265755051,0.1364063868
no,corrida_1,0-nmol/mol,part_6,7,1-10,0.5026661616,0.1017315144
no,corrida_1,0-nmol/mol,part_6,7,11-20,0.6063613636,0.1436802502
no,corrida_1,0-nmol/mol,part_6,7,21-30,0.612515404,0.1188137747
no,corrida_1,0-nmol/mol,part_7,8,1-10,0.5715757576,0.158249481
no,corrida_1,0-nmol/mol,part_7,8,11-20,0.5735123737,0.1480011138
no,corrida_1,0-nmol/mol,part_7,8,21-30,0.563870202,0.1492360004
no,corrida_1,0-nmol/mol,part_8,9,1-10,0.547975,0.120476589
no,corrida_1,0-nmol/mol,part_8,9,11-20,0.571875,0.1404469943
no,corrida_1,0-nmol/mol,part_8,9,21-30,0.673619697,0.1376755911
no,corrida_1,0-nmol/mol,part_9,10,1-10,0.6242914141,0.1752901189
no,corrida_1,0-nmol/mol,part_9,10,11-20,0.5533111111,0.1354688107
no,corrida_1,0-nmol/mol,part_9,10,21-30,0.5535330808,0.1485173691
no,corrida_1,0-nmol/mol,ref,1,1-10,0.5174939394,0.1166378038
no,corrida_1,0-nmol/mol,ref,1,11-20,0.5011843434,0.09159572419
no,corrida_1,0-nmol/mol,ref,1,21-30,0.553225,0.1438873743
no,corrida_2,121-nmol/mol,part_1,2,1-10,120.319249,0.07220917066
no,corrida_2,121-nmol/mol,part_1,2,11-20,120.3081028,0.06244565893
no,corrida_2,121-nmol/mol,part_1,2,21-30,120.3703557,0.05575224564
no,corrida_2,121-nmol/mol,part_10,11,1-10,120.3475889,0.05917782079
no,corrida_2,121-nmol/mol,part_10,11,11-20,120.3691304,0.07736529718
no,corrida_2,121-nmol/mol,part_10,11,21-30,120.3354941,0.0710881039
no,corrida_2,121-nmol/mol,part_11,12,1-10,120.3562846,0.07363485374
no,corrida_2,121-nmol/mol,part_11,12,11-20,120.3550988,0.07991474086
no,corrida_2,121-nmol/mol,part_11,12,21-30,120.3516601,0.05753068185
no,corrida_2,121-nmol/mol,part_12,13,1-10,120.3479447,0.09659808247
no,corrida_2,121-nmol/mol,part_12,13,11-20,120.3291304,0.1041300162
no,corrida_2,121-nmol/mol,part_12,13,21-30,120.3232806,0.05709861291
no,corrida_2,121-nmol/mol,part_2,3,1-10,120.306917,0.07597237121
no,corrida_2,121-nmol/mol,part_2,3,11-20,120.3418182,0.06517194088
no,corrida_2,121-nmol/mol,part_2,3,21-30,120.3562846,0.07062198882
no,corrida_2,121-nmol/mol,part_3,4,1-10,120.3122925,0.04975440524
no,corrida_2,121-nmol/mol,part_3,4,11-20,120.3467984,0.06757472878
no,corrida_2,121-nmol/mol,part_3,4,21-30,120.3747826,0.0738647185
no,corrida_2,121-nmol/mol,part_4,5,1-10,120.3462055,0.09976537403
no,corrida_2,121-nmol/mol,part_4,5,11-20,120.3285375,0.07772153271
no,corrida_2,121-nmol/mol,part_4,5,21-30,120.3283794,0.06878828129
no,corrida_2,121-nmol/mol,part_5,6,1-10,120.3388933,0.06893811449
no,corrida_2,121-nmol/mol,part_5,6,11-20,120.3538735,0.04352975351
no,corrida_2,121-nmol/mol,part_5,6,21-30,120.3535573,0.08724793467
no,corrida_2,121-nmol/mol,part_6,7,1-10,120.3401581,0.07381615024
no,corrida_2,121-nmol/mol,part_6,7,11-20,120.3630435,0.06676664274
no,corrida_2,121-nmol/mol,part_6,7,21-30,120.367747,0.06433674326
no,corrida_2,121-nmol/mol,part_7,8,1-10,120.3772332,0.07957821812
no,corrida_2,121-nmol/mol,part_7,8,11-20,120.3616601,0.0714051309
no,corrida_2,121-nmol/mol,part_7,8,21-30,120.29917,0.07759180651
no,corrida_2,121-nmol/mol,part_8,9,1-10,120.3813043,0.06723630103
no,corrida_2,121-nmol/mol,part_8,9,11-20,120.3214229,0.06874334845
no,corrida_2,121-nmol/mol,part_8,9,21-30,120.3622925,0.02865435459
no,corrida_2,121-nmol/mol,part_9,10,1-10,120.3410277,0.07791693678
no,corrida_2,121-nmol/mol,part_9,10,11-20,120.3586166,0.08607128153
no,corrida_2,121-nmol/mol,part_9,10,21-30,120.3374704,0.08144249352
no,corrida_2,121-nmol/mol,ref,1,1-10,120.3583004,0.04915447043
no,corrida_2,121-nmol/mol,ref,1,11-20,120.3585771,0.06586424135
no,corrida_2,121-nmol/mol,ref,1,21-30,120.3471542,0.06730468239
no,corrida_3,122-nmol/mol,part_1,2,1-10,40.72227907,0.05557356177
no,corrida_3,122-nmol/mol,part_1,2,11-20,40.74153488,0.07622663951
no,corrida_3,122-nmol/mol,part_1,2,21-30,40.72681395,0.0446445745
no,corrida_3,122-nmol/mol,part_10,11,1-10,40.72022093,0.06307085195
no,corrida_3,122-nmol/mol,part_10,11,11-20,40.72089535,0.04238534874
no,corrida_3,122-nmol/mol,part_10,11,21-30,40.73669767,0.05513873985
no,corrida_3,122-nmol/mol,part_11,12,1-10,40.75766279,0.03677056628
no,corrida_3,122-nmol/mol,part_11,12,11-20,40.7427093,0.05154047961
no,corrida_3,122-nmol/mol,part_11,12,21-30,40.70747674,0.05800032559
no,corrida_3,122-nmol/mol,part_12,13,1-10,40.72024419,0.05453901435
no,corrida_3,122-nmol/mol,part_12,13,11-20,40.72284884,0.06095799538
no,corrida_3,122-nmol/mol,part_12,13,21-30,40.707,0.05438756044
no,corrida_3,122-nmol/mol,part_2,3,1-10,40.71613953,0.02596383149
no,corrida_3,122-nmol/mol,part_2,3,11-20,40.72259302,0.06678304809
no,corrida_3,122-nmol/mol,part_2,3,21-30,40.73053488,0.02861631871
no,corrida_3,122-nmol/mol,part_3,4,1-10,40.74473256,0.05074257932
no,corrida_3,122-nmol/mol,part_3,4,11-20,40.73443023,0.04188387409
no,corrida_3,122-nmol/mol,part_3,4,21-30,40.72990698,0.0526197816
no,corrida_3,122-nmol/mol,part_4,5,1-10,40.75819767,0.04303391341
no,corrida_3,122-nmol/mol,part_4,5,11-20,40.73677907,0.04467571898
no,corrida_3,122-nmol/mol,part_4,5,21-30,40.7522907,0.03225230341
no,corrida_3,122-nmol/mol,part_5,6,1-10,40.71769767,0.05607593018
no,corrida_3,122-nmol/mol,part_5,6,11-20,40.71782558,0.04873149164
no,corrida_3,122-nmol/mol,part_5,6,21-30,40.74934884,0.03693915174
no,corrida_3,122-nmol/mol,part_6,7,1-10,40.74117442,0.06145073382
no,corrida_3,122-nmol/mol,part_6,7,11-20,40.73844186,0.04294500881
no,corrida_3,122-nmol/mol,part_6,7,21-30,40.70290698,0.03243794721
no,corrida_3,122-nmol/mol,part_7,8,1-10,40.72306977,0.0438221175
no,corrida_3,122-nmol/mol,part_7,8,11-20,40.72236047,0.04148750195
no,corrida_3,122-nmol/mol,part_7,8,21-30,40.77798837,0.02509809192
no,corrida_3,122-nmol/mol,part_8,9,1-10,40.74034884,0.05106556418
no,corrida_3,122-nmol/mol,part_8,9,11-20,40.72532558,0.06494194548
no,corrida_3,122-nmol/mol,part_8,9,21-30,40.71436047,0.04760473416
no,corrida_3,122-nmol/mol,part_9,10,1-10,40.72703488,0.04816755885
no,corrida_3,122-nmol/mol,part_9,10,11-20,40.70919767,0.05158224376
no,corrida_3,122-nmol/mol,part_9,10,21-30,40.73403488,0.03996129858
no,corrida_3,122-nmol/mol,ref,1,1-10,40.71843023,0.07870262174
no,corrida_3,122-nmol/mol,ref,1,11-20,40.71533721,0.03866925302
no,corrida_3,122-nmol/mol,ref,1,21-30,40.72682558,0.0381139248
no,corrida_4,180-nmol/mol,part_1,2,1-10,182.1584873,0.2506894544
no,corrida_4,180-nmol/mol,part_1,2,11-20,182.2487437,0.2989892398
no,corrida_4,180-nmol/mol,part_1,2,21-30,182.1867723,0.1933334107
no,corrida_4,180-nmol/mol,part_10,11,1-10,182.2207052,0.2496749029
no,corrida_4,180-nmol/mol,part_10,11,11-20,182.1496557,0.2651042947
no,corrida_4,180-nmol/mol,part_10,11,21-30,182.3608383,0.2416537859
no,corrida_4,180-nmol/mol,part_11,12,1-10,182.2026425,0.274308233
no,corrida_4,180-nmol/mol,part_11,12,11-20,182.3435886,0.225407806
no,corrida_4,180-nmol/mol,part_11,12,21-30,182.3779032,0.252492809
no,corrida_4,180-nmol/mol,part_12,13,1-10,182.3963685,0.2784007861
no,corrida_4,180-nmol/mol,part_12,13,11-20,182.2645479,0.2310813725
no,corrida_4,180-nmol/mol,part_12,13,21-30,182.3391331,0.2574793844
no,corrida_4,180-nmol/mol,part_2,3,1-10,182.3591991,0.2219120464
no,corrida_4,180-nmol/mol,part_2,3,11-20,182.0673146,0.2032210609
no,corrida_4,180-nmol/mol,part_2,3,21-30,182.2697734,0.3042150091
no,corrida_4,180-nmol/mol,part_3,4,1-10,182.1410011,0.2665992579
no,corrida_4,180-nmol/mol,part_3,4,11-20,182.2231705,0.2350080071
no,corrida_4,180-nmol/mol,part_3,4,21-30,182.1980176,0.2804214822
no,corrida_4,180-nmol/mol,part_4,5,1-10,182.2852464,0.2400673822
no,corrida_4,180-nmol/mol,part_4,5,11-20,182.2390792,0.2548632818
no,corrida_4,180-nmol/mol,part_4,5,21-30,182.3488625,0.2369356631
no,corrida_4,180-nmol/mol,part_5,6,1-10,182.2065985,0.2429364131
no,corrida_4,180-nmol/mol,part_5,6,11-20,182.2942706,0.2100427147
no,corrida_4,180-nmol/mol,part_5,6,21-30,182.258495,0.2172530413
no,corrida_4,180-nmol/mol,part_6,7,1-10,182.2140902,0.2596336816
no,corrida_4,180-nmol/mol,part_6,7,11-20,182.2357976,0.2153701228
no,corrida_4,180-nmol/mol,part_6,7,21-30,182.1453135,0.2294333405
no,corrida_4,180-nmol/mol,part_7,8,1-10,182.1754059,0.2228392422
no,corrida_4,180-nmol/mol,part_7,8,11-20,182.1247855,0.2435537322
no,corrida_4,180-nmol/mol,part_7,8,21-30,182.2373245,0.2455830307
no,corrida_4,180-nmol/mol,part_8,9,1-10,182.3460792,0.2365120987
no,corrida_4,180-nmol/mol,part_8,9,11-20,182.2730176,0.237100547
no,corrida_4,180-nmol/mol,part_8,9,21-30,182.1854455,0.2560246555
no,corrida_4,180-nmol/mol,part_9,10,1-10,182.2644785,0.2288531698
no,corrida_4,180-nmol/mol,part_9,10,11-20,182.1577833,0.2120908962
no,corrida_4,180-nmol/mol,part_9,10,21-30,182.3373256,0.241563935
no,corrida_4,180-nmol/mol,ref,1,1-10,182.3034213,0.2761256639
no,corrida_4,180-nmol/mol,ref,1,11-20,182.2888889,0.2502378849
no,corrida_4,180-nmol/mol,ref,1,21-30,182.219868,0.24018312
no,corrida_5,181-nmol/mol,part_1,2,1-10,180.2036957,0.1027724273
no,corrida_5,181-nmol/mol,part_1,2,11-20,180.2046739,0.07103861244
no,corrida_5,181-nmol/mol,part_1,2,21-30,180.1777174,0.1099209321
no,corrida_5,181-nmol/mol,part_10,11,1-10,180.191413,0.05822059048
no,corrida_5,181-nmol/mol,part_10,11,11-20,180.153913,0.06806041523
no,corrida_5,181-nmol/mol,part_10,11,21-30,180.1916304,0.06770235602
no,corrida_5,181-nmol/mol,part_11,12,1-10,180.2175,0.07218869894
no,corrida_5,181-nmol/mol,part_11,12,11-20,180.1941304,0.05581168641
no,corrida_5,181-nmol/mol,part_11,12,21-30,180.218587,0.06381225827
no,corrida_5,181-nmol/mol,part_12,13,1-10,180.1968478,0.1031806833
no,corrida_5,181-nmol/mol,part_12,13,11-20,180.1661957,0.07114275979
no,corrida_5,181-nmol/mol,part_12,13,21-30,180.2509783,0.08200492875
no,corrida_5,181-nmol/mol,part_2,3,1-10,180.1938043,0.08372474242
no,corrida_5,181-nmol/mol,part_2,3,11-20,180.1842391,0.06975978603
no,corrida_5,181-nmol/mol,part_2,3,21-30,180.2454348,0.09597661271
no,corrida_5,181-nmol/mol,part_3,4,1-10,180.1758696,0.08902255755
no,corrida_5,181-nmol/mol,part_3,4,11-20,180.1745652,0.06397816197
no,corrida_5,181-nmol/mol,part_3,4,21-30,180.2104348,0.08287872217
no,corrida_5,181-nmol/mol,part_4,5,1-10,180.1856522,0.0465993303
no,corrida_5,181-nmol/mol,part_4,5,11-20,180.1895652,0.09712605139
no,corrida_5,181-nmol/mol,part_4,5,21-30,180.2165217,0.05016984386
no,corrida_5,181-nmol/mol,part_5,6,1-10,180.1511957,0.07901616544
no,corrida_5,181-nmol/mol,part_5,6,11-20,180.1816304,0.07300962883
no,corrida_5,181-nmol/mol,part_5,6,21-30,180.2043478,0.080051968
no,corrida_5,181-nmol/mol,part_6,7,1-10,180.1701087,0.08244525212
no,corrida_5,181-nmol/mol,part_6,7,11-20,180.168587,0.08472909559
no,corrida_5,181-nmol/mol,part_6,7,21-30,180.1503261,0.08820071544
no,corrida_5,181-nmol/mol,part_7,8,1-10,180.215,0.06564633496
no,corrida_5,181-nmol/mol,part_7,8,11-20,180.2008696,0.09669474637
no,corrida_5,181-nmol/mol,part_7,8,21-30,180.1922826,0.08720894823
no,corrida_5,181-nmol/mol,part_8,9,1-10,180.2204348,0.08930817673
no,corrida_5,181-nmol/mol,part_8,9,11-20,180.1726087,0.06871995534
no,corrida_5,181-nmol/mol,part_8,9,21-30,180.186087,0.08324948523
no,corrida_5,181-nmol/mol,part_9,10,1-10,180.1918478,0.07902912305
no,corrida_5,181-nmol/mol,part_9,10,11-20,180.2166304,0.08295922643
no,corrida_5,181-nmol/mol,part_9,10,21-30,180.2153261,0.06269361944
no,corrida_5,181-nmol/mol,ref,1,1-10,180.1951087,0.03631602549
no,corrida_5,181-nmol/mol,ref,1,11-20,180.2242391,0.07176300657
no,corrida_5,181-nmol/mol,ref,1,21-30,180.193587,0.0860481693
no,corrida_6,182-nmol/mol,part_1,2,1-10,76.0856962,0.3120316412
no,corrida_6,182-nmol/mol,part_1,2,11-20,76.18868354,0.3164699867
no,corrida_6,182-nmol/mol,part_1,2,21-30,76.14486076,0.2453103029
no,corrida_6,182-nmol/mol,part_10,11,1-10,75.80934177,0.3796125632
no,corrida_6,182-nmol/mol,part_10,11,11-20,75.98508861,0.3430810214
no,corrida_6,182-nmol/mol,part_10,11,21-30,76.065,0.3881101663
no,corrida_6,182-nmol/mol,part_11,12,1-10,76.228,0.2681069288
no,corrida_6,182-nmol/mol,part_11,12,11-20,76.29835443,0.3902241924
no,corrida_6,182-nmol/mol,part_11,12,21-30,76.2381519,0.3730201951
no,corrida_6,182-nmol/mol,part_12,13,1-10,76.04563291,0.3360916652
no,corrida_6,182-nmol/mol,part_12,13,11-20,76.03001266,0.1911119423
no,corrida_6,182-nmol/mol,part_12,13,21-30,76.04456962,0.3015795471
no,corrida_6,182-nmol/mol,part_2,3,1-10,76.32844304,0.2128246624
no,corrida_6,182-nmol/mol,part_2,3,11-20,76.10441772,0.3342332053
no,corrida_6,182-nmol/mol,part_2,3,21-30,76.0845443,0.3848465702
no,corrida_6,182-nmol/mol,part_3,4,1-10,76.03863291,0.1949844481
no,corrida_6,182-nmol/mol,part_3,4,11-20,76.06074684,0.4021604559
no,corrida_6,182-nmol/mol,part_3,4,21-30,76.13111392,0.3796792804
no,corrida_6,182-nmol/mol,part_4,5,1-10,76.13797468,0.2280369744
no,corrida_6,182-nmol/mol,part_4,5,11-20,76.16679747,0.2966358825
no,corrida_6,182-nmol/mol,part_4,5,21-30,76.08443038,0.3044975642
no,corrida_6,182-nmol/mol,part_5,6,1-10,76.02972152,0.2372489818
no,corrida_6,182-nmol/mol,part_5,6,11-20,76.12997468,0.1829966105
no,corrida_6,182-nmol/mol,part_5,6,21-30,76.04778481,0.3496054816
no,corrida_6,182-nmol/mol,part_6,7,1-10,76.21621519,0.3678106747
no,corrida_6,182-nmol/mol,part_6,7,11-20,76.12101266,0.2414455493
no,corrida_6,182-nmol/mol,part_6,7,21-30,75.95988608,0.3590538426
no,corrida_6,182-nmol/mol,part_7,8,1-10,76.05437975,0.2790953982
no,corrida_6,182-nmol/mol,part_7,8,11-20,76.11551899,0.2352542624
no,corrida_6,182-nmol/mol,part_7,8,21-30,75.99364557,0.2802897202
no,corrida_6,182-nmol/mol,part_8,9,1-10,76.09791139,0.4153062907
no,corrida_6,182-nmol/mol,part_8,9,11-20,76.11850633,0.2446834082
no,corrida_6,182-nmol/mol,part_8,9,21-30,76.24421519,0.3942480745
no,corrida_6,182-nmol/mol,part_9,10,1-10,76.05373418,0.3834330524
no,corrida_6,182-nmol/mol,part_9,10,11-20,76.08512658,0.3418101779
no,corrida_6,182-nmol/mol,part_9,10,21-30,76.05502532,0.2687884401
no,corrida_6,182-nmol/mol,ref,1,1-10,76.10401266,0.4391042078
no,corrida_6,182-nmol/mol,ref,1,11-20,76.16143038,0.1601170931
no,corrida_6,182-nmol/mol,ref,1,21-30,76.13934177,0.2887768818
no,corrida_7,42-nmol/mol,part_1,2,1-10,24.66480588,0.715302889
no,corrida_7,42-nmol/mol,part_1,2,11-20,25.2266,1.470437147
no,corrida_7,42-nmol/mol,part_1,2,21-30,24.36501765,0.7785611435
no,corrida_7,42-nmol/mol,part_10,11,1-10,24.67551176,1.196639808
no,corrida_7,42-nmol/mol,part_10,11,11-20,24.75763529,1.006181913
no,corrida_7,42-nmol/mol,part_10,11,21-30,24.83410588,1.267747398
no,corrida_7,42-nmol/mol,part_11,12,1-10,24.58037059,0.8620394441
no,corrida_7,42-nmol/mol,part_11,12,11-20,25.18803529,1.12372431
no,corrida_7,42-nmol/mol,part_11,12,21-30,24.5082,1.276257063
no,corrida_7,42-nmol/mol,part_12,13,1-10,24.21256471,1.894555532
no,corrida_7,42-nmol/mol,part_12,13,11-20,24.58035294,0.6679961996
no,corrida_7,42-nmol/mol,part_12,13,21-30,24.71828235,1.451139112
no,corrida_7,42-nmol/mol,part_2,3,1-10,24.85732353,0.8545260062
no,corrida_7,42-nmol/mol,part_2,3,11-20,24.31527059,1.079267187
no,corrida_7,42-nmol/mol,part_2,3,21-30,24.83250588,1.637186441
no,corrida_7,42-nmol/mol,part_3,4,1-10,25.05702941,0.9117384859
no,corrida_7,42-nmol/mol,part_3,4,11-20,25.38177059,1.387650681
no,corrida_7,42-nmol/mol,part_3,4,21-30,24.92590588,1.036606003
no,corrida_7,42-nmol/mol,part_4,5,1-10,24.84797647,0.9023122036
no,corrida_7,42-nmol/mol,part_4,5,11-20,24.60356471,1.212311121
no,corrida_7,42-nmol/mol,part_4,5,21-30,24.97547647,1.133081706
no,corrida_7,42-nmol/mol,part_5,6,1-10,24.98748824,1.125078014
no,corrida_7,42-nmol/mol,part_5,6,11-20,25.16078824,1.557742068
no,corrida_7,42-nmol/mol,part_5,6,21-30,25.26484118,1.538159302
no,corrida_7,42-nmol/mol,part_6,7,1-10,24.73332941,1.015013775
no,corrida_7,42-nmol/mol,part_6,7,11-20,24.81089412,1.473089287
no,corrida_7,42-nmol/mol,part_6,7,21-30,24.77991176,1.233401581
no,corrida_7,42-nmol/mol,part_7,8,1-10,24.732,1.209728389
no,corrida_7,42-nmol/mol,part_7,8,11-20,24.87325882,0.8283806436
no,corrida_7,42-nmol/mol,part_7,8,21-30,24.91828235,1.279795486
no,corrida_7,42-nmol/mol,part_8,9,1-10,25.09132941,0.7873396185
no,corrida_7,42-nmol/mol,part_8,9,11-20,24.87698824,1.205276224
no,corrida_7,42-nmol/mol,part_8,9,21-30,24.92104118,1.5092316
no,corrida_7,42-nmol/mol,part_9,10,1-10,24.77659412,0.4843442822
no,corrida_7,42-nmol/mol,part_9,10,11-20,24.70388235,0.5771406457
no,corrida_7,42-nmol/mol,part_9,10,21-30,25.10838824,1.065630426
no,corrida_7,42-nmol/mol,ref,1,1-10,25.67057647,1.177154343
no,corrida_7,42-nmol/mol,ref,1,11-20,24.94756471,1.476953145
no,corrida_7,42-nmol/mol,ref,1,21-30,24.87665294,1.546663178
no,corrida_8,81-nmol/mol,part_1,2,1-10,80.67842308,0.03458388881
no,corrida_8,81-nmol/mol,part_1,2,11-20,80.68709615,0.03883117783
no,corrida_8,81-nmol/mol,part_1,2,21-30,80.67723077,0.04946070103
no,corrida_8,81-nmol/mol,part_10,11,1-10,80.66136538,0.03719743709
no,corrida_8,81-nmol/mol,part_10,11,11-20,80.69794231,0.05849028266
no,corrida_8,81-nmol/mol,part_10,11,21-30,80.69375,0.04252298079
no,corrida_8,81-nmol/mol,part_11,12,1-10,80.68086538,0.03726352681
no,corrida_8,81-nmol/mol,part_11,12,11-20,80.68521154,0.0380050312
no,corrida_8,81-nmol/mol,part_11,12,21-30,80.69401923,0.04992807532
no,corrida_8,81-nmol/mol,part_12,13,1-10,80.70698077,0.03710260065
no,corrida_8,81-nmol/mol,part_12,13,11-20,80.69051923,0.07135620624
no,corrida_8,81-nmol/mol,part_12,13,21-30,80.69986538,0.04892130718
no,corrida_8,81-nmol/mol,part_2,3,1-10,80.67638462,0.04032074722
no,corrida_8,81-nmol/mol,part_2,3,11-20,80.6685,0.02463370712
no,corrida_8,81-nmol/mol,part_2,3,21-30,80.67686538,0.067636623
no,corrida_8,81-nmol/mol,part_3,4,1-10,80.6855,0.06616404463
no,corrida_8,81-nmol/mol,part_3,4,11-20,80.68884615,0.02965060621
no,corrida_8,81-nmol/mol,part_3,4,21-30,80.68892308,0.04495342392
no,corrida_8,81-nmol/mol,part_4,5,1-10,80.67036538,0.04568552012
no,corrida_8,81-nmol/mol,part_4,5,11-20,80.67409615,0.03329769421
no,corrida_8,81-nmol/mol,part_4,5,21-30,80.69209615,0.05429570051
no,corrida_8,81-nmol/mol,part_5,6,1-10,80.67859615,0.03978059175
no,corrida_8,81-nmol/mol,part_5,6,11-20,80.67040385,0.02261075633
no,corrida_8,81-nmol/mol,part_5,6,21-30,80.68471154,0.02476305366
no,corrida_8,81-nmol/mol,part_6,7,1-10,80.69228846,0.05190712401
no,corrida_8,81-nmol/mol,part_6,7,11-20,80.68698077,0.02468823521
no,corrida_8,81-nmol/mol,part_6,7,21-30,80.67773077,0.04403914268
no,corrida_8,81-nmol/mol,part_7,8,1-10,80.68271154,0.04339923016
no,corrida_8,81-nmol/mol,part_7,8,11-20,80.66367308,0.02777283076
no,corrida_8,81-nmol/mol,part_7,8,21-30,80.68332692,0.03915402771
no,corrida_8,81-nmol/mol,part_8,9,1-10,80.68503846,0.02523668369
no,corrida_8,81-nmol/mol,part_8,9,11-20,80.68969231,0.04087052004
no,corrida_8,81-nmol/mol,part_8,9,21-30,80.70623077,0.05803163741
no,corrida_8,81-nmol/mol,part_9,10,1-10,80.68725,0.03438121769
no,corrida_8,81-nmol/mol,part_9,10,11-20,80.66744231,0.04624377368
no,corrida_8,81-nmol/mol,part_9,10,21-30,80.71198077,0.03747342363
no,corrida_8,81-nmol/mol,ref,1,1-10,80.649,0.04809331345
no,corrida_8,81-nmol/mol,ref,1,11-20,80.68207692,0.03425846378
no,corrida_8,81-nmol/mol,ref,1,21-30,80.69094231,0.03335162836
no,corrida_9,82-nmol/mol,part_1,2,1-10,25.6741978,0.1150289046
no,corrida_9,82-nmol/mol,part_1,2,11-20,25.73187912,0.08897538367
no,corrida_9,82-nmol/mol,part_1,2,21-30,25.68916484,0.1000625091
no,corrida_9,82-nmol/mol,part_10,11,1-10,25.66443956,0.1237771074
no,corrida_9,82-nmol/mol,part_10,11,11-20,25.69281319,0.1324010112
no,corrida_9,82-nmol/mol,part_10,11,21-30,25.70594505,0.1296942762
no,corrida_9,82-nmol/mol,part_11,12,1-10,25.68491209,0.1526946796
no,corrida_9,82-nmol/mol,part_11,12,11-20,25.69741758,0.1438540053
no,corrida_9,82-nmol/mol,part_11,12,21-30,25.67652747,0.06410135425
no,corrida_9,82-nmol/mol,part_12,13,1-10,25.70113187,0.1491030134
no,corrida_9,82-nmol/mol,part_12,13,11-20,25.73101099,0.07783224794
no,corrida_9,82-nmol/mol,part_12,13,21-30,25.6708022,0.1232975527
no,corrida_9,82-nmol/mol,part_2,3,1-10,25.62678022,0.09571338223
no,corrida_9,82-nmol/mol,part_2,3,11-20,25.72346154,0.1105071838
no,corrida_9,82-nmol/mol,part_2,3,21-30,25.73721978,0.07472760985
no,corrida_9,82-nmol/mol,part_3,4,1-10,25.71867033,0.1217628089
no,corrida_9,82-nmol/mol,part_3,4,11-20,25.73156044,0.1112086802
no,corrida_9,82-nmol/mol,part_3,4,21-30,25.68547253,0.1102584766
no,corrida_9,82-nmol/mol,part_4,5,1-10,25.73131868,0.1321106439
no,corrida_9,82-nmol/mol,part_4,5,11-20,25.69078022,0.1189316025
no,corrida_9,82-nmol/mol,part_4,5,21-30,25.68557143,0.1312698174
no,corrida_9,82-nmol/mol,part_5,6,1-10,25.69476923,0.07335410083
no,corrida_9,82-nmol/mol,part_5,6,11-20,25.7511978,0.09294294827
no,corrida_9,82-nmol/mol,part_5,6,21-30,25.70358242,0.1153565429
no,corrida_9,82-nmol/mol,part_6,7,1-10,25.6597033,0.08526958071
no,corrida_9,82-nmol/mol,part_6,7,11-20,25.65194505,0.1325377388
no,corrida_9,82-nmol/mol,part_6,7,21-30,25.66542857,0.1368797392
no,corrida_9,82-nmol/mol,part_7,8,1-10,25.69562637,0.06020023212
no,corrida_9,82-nmol/mol,part_7,8,11-20,25.67367033,0.1214331979
no,corrida_9,82-nmol/mol,part_7,8,21-30,25.67876923,0.08818776678
no,corrida_9,82-nmol/mol,part_8,9,1-10,25.73618681,0.141390006
no,corrida_9,82-nmol/mol,part_8,9,11-20,25.70532967,0.1090009479
no,corrida_9,82-nmol/mol,part_8,9,21-30,25.67403297,0.09684762858
no,corrida_9,82-nmol/mol,part_9,10,1-10,25.73487912,0.08965265932
no,corrida_9,82-nmol/mol,part_9,10,11-20,25.69125275,0.117442869
no,corrida_9,82-nmol/mol,part_9,10,21-30,25.74245055,0.1120886309
no,corrida_9,82-nmol/mol,ref,1,1-10,25.67779121,0.07629686588
no,corrida_9,82-nmol/mol,ref,1,11-20,25.69931868,0.1033606666
no,corrida_9,82-nmol/mol,ref,1,21-30,25.75972527,0.1025553535
no2,corrida_1,0-nmol/mol,part_1,2,1-10,0.1381141932,0.1980026451
no2,corrida_1,0-nmol/mol,part_1,2,11-20,0.1433321036,0.1422564323
no2,corrida_1,0-nmol/mol,part_1,2,21-30,0.1938503894,0.1464255238
no2,corrida_1,0-nmol/mol,part_10,11,1-10,0.02636875557,0.1676350979
no2,corrida_1,0-nmol/mol,part_10,11,11-20,0.2545253576,0.1441371308
no2,corrida_1,0-nmol/mol,part_10,11,21-30,0.07291573034,0.1975301935
no2,corrida_1,0-nmol/mol,part_11,12,1-10,0.2342031166,0.1555552008
no2,corrida_1,0-nmol/mol,part_11,12,11-20,0.1521306965,0.1750406414
no2,corrida_1,0-nmol/mol,part_11,12,21-30,0.0725895662,0.1304890614
no2,corrida_1,0-nmol/mol,part_12,13,1-10,0.1658652781,0.1687541723
no2,corrida_1,0-nmol/mol,part_12,13,11-20,0.1814149852,0.1310092383
no2,corrida_1,0-nmol/mol,part_12,13,21-30,0.1747111892,0.1914674774
no2,corrida_1,0-nmol/mol,part_2,3,1-10,0.1377748791,0.1633582802
no2,corrida_1,0-nmol/mol,part_2,3,11-20,0.06067767128,0.1879736032
no2,corrida_1,0-nmol/mol,part_2,3,21-30,0.1923634006,0.1728940189
no2,corrida_1,0-nmol/mol,part_3,4,1-10,0.1855057276,0.1600765138
no2,corrida_1,0-nmol/mol,part_3,4,11-20,0.1139285881,0.2187069252
no2,corrida_1,0-nmol/mol,part_3,4,21-30,0.1189979179,0.166242605
no2,corrida_1,0-nmol/mol,part_4,5,1-10,0.04161549364,0.1651350172
no2,corrida_1,0-nmol/mol,part_4,5,11-20,0.1335334668,0.1635903963
no2,corrida_1,0-nmol/mol,part_4,5,21-30,0.003321495887,0.1196003899
no2,corrida_1,0-nmol/mol,part_5,6,1-10,0.2713080902,0.07859760497
no2,corrida_1,0-nmol/mol,part_5,6,11-20,0.2237102322,0.1982240511
no2,corrida_1,0-nmol/mol,part_5,6,21-30,0.1834013676,0.1731065906
no2,corrida_1,0-nmol/mol,part_6,7,1-10,0.07390300405,0.1629221745
no2,corrida_1,0-nmol/mol,part_6,7,11-20,0.1314885887,0.162256911
no2,corrida_1,0-nmol/mol,part_6,7,21-30,0.1477637454,0.1540757086
no2,corrida_1,0-nmol/mol,part_7,8,1-10,0.1922066963,0.1416911937
no2,corrida_1,0-nmol/mol,part_7,8,11-20,0.1043558905,0.1567336023
no2,corrida_1,0-nmol/mol,part_7,8,21-30,0.1831490408,0.1511117237
no2,corrida_1,0-nmol/mol,part_8,9,1-10,0.02264114347,0.1781125755
no2,corrida_1,0-nmol/mol,part_8,9,11-20,0.09903104864,0.1304419864
no2,corrida_1,0-nmol/mol,part_8,9,21-30,0.1584000599,0.1456369353
no2,corrida_1,0-nmol/mol,part_9,10,1-10,0.09800154147,0.161816602
no2,corrida_1,0-nmol/mol,part_9,10,11-20,0.03110749405,0.1136606808
no2,corrida_1,0-nmol/mol,part_9,10,21-30,0.06079187183,0.1373311142
no2,corrida_1,0-nmol/mol,ref,1,1-10,0.1280972882,0.1941678441
no2,corrida_1,0-nmol/mol,ref,1,11-20,0.173523765,0.1885228133
no2,corrida_1,0-nmol/mol,ref,1,21-30,0.1575457036,0.1574154403
no2,corrida_2,120-nmol/mol,part_1,2,1-10,123.0065823,0.4046982356
no2,corrida_2,120-nmol/mol,part_1,2,11-20,123.0563291,0.3651421551
no2,corrida_2,120-nmol/mol,part_1,2,21-30,122.9155696,0.2897275442
no2,corrida_2,120-nmol/mol,part_10,11,1-10,122.9674684,0.2734034285
no2,corrida_2,120-nmol/mol,part_10,11,11-20,123.0016456,0.2992159516
no2,corrida_2,120-nmol/mol,part_10,11,21-30,122.8721519,0.3330768655
no2,corrida_2,120-nmol/mol,part_11,12,1-10,123.1473418,0.2557603908
no2,corrida_2,120-nmol/mol,part_11,12,11-20,122.9387342,0.206194204
no2,corrida_2,120-nmol/mol,part_11,12,21-30,122.9835443,0.4525296293
no2,corrida_2,120-nmol/mol,part_12,13,1-10,122.9425316,0.3954359605
no2,corrida_2,120-nmol/mol,part_12,13,11-20,122.8773418,0.478876168
no2,corrida_2,120-nmol/mol,part_12,13,21-30,123.0725316,0.4776218669
no2,corrida_2,120-nmol/mol,part_2,3,1-10,122.9432911,0.3139120274
no2,corrida_2,120-nmol/mol,part_2,3,11-20,123.1110127,0.2301045094
no2,corrida_2,120-nmol/mol,part_2,3,21-30,122.8718987,0.4764117812
no2,corrida_2,120-nmol/mol,part_3,4,1-10,123.1287342,0.1330366431
no2,corrida_2,120-nmol/mol,part_3,4,11-20,123.0050633,0.4012074745
no2,corrida_2,120-nmol/mol,part_3,4,21-30,122.875443,0.4634752503
no2,corrida_2,120-nmol/mol,part_4,5,1-10,122.7849367,0.3797029745
no2,corrida_2,120-nmol/mol,part_4,5,11-20,122.8781013,0.3610005117
no2,corrida_2,120-nmol/mol,part_4,5,21-30,122.9764557,0.383062041
no2,corrida_2,120-nmol/mol,part_5,6,1-10,122.9236709,0.3624131419
no2,corrida_2,120-nmol/mol,part_5,6,11-20,122.8003797,0.3542706341
no2,corrida_2,120-nmol/mol,part_5,6,21-30,123.0007595,0.3001232337
no2,corrida_2,120-nmol/mol,part_6,7,1-10,123.0455696,0.411010317
no2,corrida_2,120-nmol/mol,part_6,7,11-20,122.7279747,0.3035925528
no2,corrida_2,120-nmol/mol,part_6,7,21-30,122.9022785,0.3471775495
no2,corrida_2,120-nmol/mol,part_7,8,1-10,123.2925316,0.3344187051
no2,corrida_2,120-nmol/mol,part_7,8,11-20,123.1012658,0.3914474955
no2,corrida_2,120-nmol/mol,part_7,8,21-30,122.9364557,0.1627333773
no2,corrida_2,120-nmol/mol,part_8,9,1-10,123.0411392,0.2192341479
no2,corrida_2,120-nmol/mol,part_8,9,11-20,122.8356962,0.3518075548
no2,corrida_2,120-nmol/mol,part_8,9,21-30,122.6870886,0.46974318
no2,corrida_2,120-nmol/mol,part_9,10,1-10,122.9879747,0.3837924446
no2,corrida_2,120-nmol/mol,part_9,10,11-20,123.0463291,0.4202600274
no2,corrida_2,120-nmol/mol,part_9,10,21-30,123.0551899,0.3675787019
no2,corrida_2,120-nmol/mol,ref,1,1-10,122.741519,0.3212446641
no2,corrida_2,120-nmol/mol,ref,1,11-20,122.9418987,0.4970523056
no2,corrida_2,120-nmol/mol,ref,1,21-30,122.8463291,0.4939835283
no2,corrida_3,30-nmol/mol,part_1,2,1-10,32.92185714,0.03545630812
no2,corrida_3,30-nmol/mol,part_1,2,11-20,32.90644048,0.03853341953
no2,corrida_3,30-nmol/mol,part_1,2,21-30,32.91055952,0.02287456966
no2,corrida_3,30-nmol/mol,part_10,11,1-10,32.92941667,0.03145583884
no2,corrida_3,30-nmol/mol,part_10,11,11-20,32.92629762,0.0395930121
no2,corrida_3,30-nmol/mol,part_10,11,21-30,32.90569048,0.04208511723
no2,corrida_3,30-nmol/mol,part_11,12,1-10,32.92238095,0.04101934816
no2,corrida_3,30-nmol/mol,part_11,12,11-20,32.90159524,0.05466454423
no2,corrida_3,30-nmol/mol,part_11,12,21-30,32.91394048,0.02914759932
no2,corrida_3,30-nmol/mol,part_12,13,1-10,32.92661905,0.03764868065
no2,corrida_3,30-nmol/mol,part_12,13,11-20,32.90614286,0.0352115945
no2,corrida_3,30-nmol/mol,part_12,13,21-30,32.90541667,0.03654433356
no2,corrida_3,30-nmol/mol,part_2,3,1-10,32.92625,0.03749129613
no2,corrida_3,30-nmol/mol,part_2,3,11-20,32.92905952,0.04431995924
no2,corrida_3,30-nmol/mol,part_2,3,21-30,32.9117619,0.03948042975
no2,corrida_3,30-nmol/mol,part_3,4,1-10,32.9345119,0.02553881748
no2,corrida_3,30-nmol/mol,part_3,4,11-20,32.90238095,0.02520025615
no2,corrida_3,30-nmol/mol,part_3,4,21-30,32.88927381,0.03918101529
no2,corrida_3,30-nmol/mol,part_4,5,1-10,32.91769048,0.04383033782
no2,corrida_3,30-nmol/mol,part_4,5,11-20,32.91822619,0.02875319442
no2,corrida_3,30-nmol/mol,part_4,5,21-30,32.92785714,0.02960854668
no2,corrida_3,30-nmol/mol,part_5,6,1-10,32.93290476,0.03987169995
no2,corrida_3,30-nmol/mol,part_5,6,11-20,32.91116667,0.03883823231
no2,corrida_3,30-nmol/mol,part_5,6,21-30,32.9192619,0.03617109966
no2,corrida_3,30-nmol/mol,part_6,7,1-10,32.92061905,0.04253982321
no2,corrida_3,30-nmol/mol,part_6,7,11-20,32.91552381,0.03831616659
no2,corrida_3,30-nmol/mol,part_6,7,21-30,32.91991667,0.04055509155
no2,corrida_3,30-nmol/mol,part_7,8,1-10,32.92105952,0.04136018995
no2,corrida_3,30-nmol/mol,part_7,8,11-20,32.90395238,0.04070557474
no2,corrida_3,30-nmol/mol,part_7,8,21-30,32.92971429,0.03286788606
no2,corrida_3,30-nmol/mol,part_8,9,1-10,32.93435714,0.03540057102
no2,corrida_3,30-nmol/mol,part_8,9,11-20,32.88420238,0.06557104841
no2,corrida_3,30-nmol/mol,part_8,9,21-30,32.91341667,0.04331952401
no2,corrida_3,30-nmol/mol,part_9,10,1-10,32.92015476,0.02900242874
no2,corrida_3,30-nmol/mol,part_9,10,11-20,32.91119048,0.03556476638
no2,corrida_3,30-nmol/mol,part_9,10,21-30,32.91955952,0.04290620538
no2,corrida_3,30-nmol/mol,ref,1,1-10,32.91614286,0.03693952962
no2,corrida_3,30-nmol/mol,ref,1,11-20,32.91314286,0.03405724695
no2,corrida_3,30-nmol/mol,ref,1,21-30,32.89304762,0.04724169933
no2,corrida_4,60-nmol/mol,part_1,2,1-10,65.1301978,0.179554049
no2,corrida_4,60-nmol/mol,part_1,2,11-20,64.82172527,0.3206452434
no2,corrida_4,60-nmol/mol,part_1,2,21-30,65.09849451,0.2472379974
no2,corrida_4,60-nmol/mol,part_10,11,1-10,64.93456044,0.2345834691
no2,corrida_4,60-nmol/mol,part_10,11,11-20,65.03125275,0.2015657105
no2,corrida_4,60-nmol/mol,part_10,11,21-30,65.11707692,0.3327211389
no2,corrida_4,60-nmol/mol,part_11,12,1-10,64.98384615,0.2585977698
no2,corrida_4,60-nmol/mol,part_11,12,11-20,64.90802198,0.2724027197
no2,corrida_4,60-nmol/mol,part_11,12,21-30,64.78431868,0.2239194472
no2,corrida_4,60-nmol/mol,part_12,13,1-10,65.03582418,0.2788824128
no2,corrida_4,60-nmol/mol,part_12,13,11-20,64.94930769,0.2601303505
no2,corrida_4,60-nmol/mol,part_12,13,21-30,64.96051648,0.3661120543
no2,corrida_4,60-nmol/mol,part_2,3,1-10,64.87992308,0.2968078008
no2,corrida_4,60-nmol/mol,part_2,3,11-20,64.92485714,0.2617522638
no2,corrida_4,60-nmol/mol,part_2,3,21-30,64.93957143,0.2324769908
no2,corrida_4,60-nmol/mol,part_3,4,1-10,65.02417582,0.2470311583
no2,corrida_4,60-nmol/mol,part_3,4,11-20,65.04178022,0.2739217739
no2,corrida_4,60-nmol/mol,part_3,4,21-30,65.04384615,0.2101448505
no2,corrida_4,60-nmol/mol,part_4,5,1-10,64.96014286,0.1056468813
no2,corrida_4,60-nmol/mol,part_4,5,11-20,64.8808022,0.1933584484
no2,corrida_4,60-nmol/mol,part_4,5,21-30,65.01268132,0.2486766391
no2,corrida_4,60-nmol/mol,part_5,6,1-10,64.80181319,0.2500044425
no2,corrida_4,60-nmol/mol,part_5,6,11-20,64.99115385,0.2278807615
no2,corrida_4,60-nmol/mol,part_5,6,21-30,64.96873626,0.2249593328
no2,corrida_4,60-nmol/mol,part_6,7,1-10,64.84414286,0.3622329452
no2,corrida_4,60-nmol/mol,part_6,7,11-20,64.98076923,0.1624503264
no2,corrida_4,60-nmol/mol,part_6,7,21-30,65.04347253,0.3173806229
no2,corrida_4,60-nmol/mol,part_7,8,1-10,65.03935165,0.3387420878
no2,corrida_4,60-nmol/mol,part_7,8,11-20,65.04902198,0.2408783937
no2,corrida_4,60-nmol/mol,part_7,8,21-30,64.85551648,0.193548419
no2,corrida_4,60-nmol/mol,part_8,9,1-10,65.02421978,0.3394642008
no2,corrida_4,60-nmol/mol,part_8,9,11-20,64.9628022,0.2790246883
no2,corrida_4,60-nmol/mol,part_8,9,21-30,64.93345055,0.3444112355
no2,corrida_4,60-nmol/mol,part_9,10,1-10,65.12608791,0.2584237854
no2,corrida_4,60-nmol/mol,part_9,10,11-20,64.98613187,0.178768283
no2,corrida_4,60-nmol/mol,part_9,10,21-30,65.07191209,0.1541258159
no2,corrida_4,60-nmol/mol,ref,1,1-10,65.03536264,0.1772272906
no2,corrida_4,60-nmol/mol,ref,1,11-20,64.95231868,0.2698289408
no2,corrida_4,60-nmol/mol,ref,1,21-30,64.99489011,0.233422972
no2,corrida_5,90-nmol/mol,part_1,2,1-10,96.84239535,0.03050588038
no2,corrida_5,90-nmol/mol,part_1,2,11-20,96.83477907,0.03680944104
no2,corrida_5,90-nmol/mol,part_1,2,21-30,96.85638372,0.04725534122
no2,corrida_5,90-nmol/mol,part_10,11,1-10,96.85177907,0.04354364552
no2,corrida_5,90-nmol/mol,part_10,11,11-20,96.84743023,0.03613274049
no2,corrida_5,90-nmol/mol,part_10,11,21-30,96.86584884,0.04619898314
no2,corrida_5,90-nmol/mol,part_11,12,1-10,96.8425814,0.03790439268
no2,corrida_5,90-nmol/mol,part_11,12,11-20,96.8405,0.03237587642
no2,corrida_5,90-nmol/mol,part_11,12,21-30,96.83253488,0.03531872613
no2,corrida_5,90-nmol/mol,part_12,13,1-10,96.82511628,0.03910086279
no2,corrida_5,90-nmol/mol,part_12,13,11-20,96.82656977,0.04926721758
no2,corrida_5,90-nmol/mol,part_12,13,21-30,96.8465814,0.04589540759
no2,corrida_5,90-nmol/mol,part_2,3,1-10,96.86096512,0.02930155909
no2,corrida_5,90-nmol/mol,part_2,3,11-20,96.85119767,0.03932972494
no2,corrida_5,90-nmol/mol,part_2,3,21-30,96.84387209,0.03482609581
no2,corrida_5,90-nmol/mol,part_3,4,1-10,96.85915116,0.02493486798
no2,corrida_5,90-nmol/mol,part_3,4,11-20,96.83737209,0.03482916492
no2,corrida_5,90-nmol/mol,part_3,4,21-30,96.85010465,0.03126950806
no2,corrida_5,90-nmol/mol,part_4,5,1-10,96.85174419,0.04634906994
no2,corrida_5,90-nmol/mol,part_4,5,11-20,96.83231395,0.04068558144
no2,corrida_5,90-nmol/mol,part_4,5,21-30,96.8532093,0.03327948598
no2,corrida_5,90-nmol/mol,part_5,6,1-10,96.82783721,0.02296420533
no2,corrida_5,90-nmol/mol,part_5,6,11-20,96.86045349,0.03757861179
no2,corrida_5,90-nmol/mol,part_5,6,21-30,96.83322093,0.04426258331
no2,corrida_5,90-nmol/mol,part_6,7,1-10,96.8602907,0.01633335817
no2,corrida_5,90-nmol/mol,part_6,7,11-20,96.82505814,0.04394156661
no2,corrida_5,90-nmol/mol,part_6,7,21-30,96.82009302,0.03492924678
no2,corrida_5,90-nmol/mol,part_7,8,1-10,96.84268605,0.04407208376
no2,corrida_5,90-nmol/mol,part_7,8,11-20,96.84640698,0.04418857772
no2,corrida_5,90-nmol/mol,part_7,8,21-30,96.84224419,0.0289970175
no2,corrida_5,90-nmol/mol,part_8,9,1-10,96.84205814,0.04773592333
no2,corrida_5,90-nmol/mol,part_8,9,11-20,96.82903488,0.05136151944
no2,corrida_5,90-nmol/mol,part_8,9,21-30,96.8389186,0.03853415195
no2,corrida_5,90-nmol/mol,part_9,10,1-10,96.82013953,0.03660777512
no2,corrida_5,90-nmol/mol,part_9,10,11-20,96.84056977,0.04586519289
no2,corrida_5,90-nmol/mol,part_9,10,21-30,96.84245349,0.05408868414
no2,corrida_5,90-nmol/mol,ref,1,1-10,96.8249186,0.04202222729
no2,corrida_5,90-nmol/mol,ref,1,11-20,96.84951163,0.02758256748
no2,corrida_5,90-nmol/mol,ref,1,21-30,96.84232558,0.04835305106
o3,corrida_1,0-nmol/mol,part_1,2,1-10,5.16E-05,4.61E-05
o3,corrida_1,0-nmol/mol,part_1,2,11-20,3.55E-05,2.38E-05
o3,corrida_1,0-nmol/mol,part_1,2,21-30,5.16E-05,3.79E-05
o3,corrida_1,0-nmol/mol,part_10,11,1-10,3.55E-05,3.86E-05
o3,corrida_1,0-nmol/mol,part_10,11,11-20,3.87E-05,3.33E-05
o3,corrida_1,0-nmol/mol,part_10,11,21-30,3.23E-05,5.48E-05
o3,corrida_1,0-nmol/mol,part_11,12,1-10,2.58E-05,2.04E-05
o3,corrida_1,0-nmol/mol,part_11,12,11-20,3.23E-05,2.63E-05
o3,corrida_1,0-nmol/mol,part_11,12,21-30,2.26E-05,2.18E-05
o3,corrida_1,0-nmol/mol,part_12,13,1-10,3.87E-05,3.33E-05
o3,corrida_1,0-nmol/mol,part_12,13,11-20,5.48E-05,3.06E-05
o3,corrida_1,0-nmol/mol,part_12,13,21-30,3.23E-05,3.04E-05
o3,corrida_1,0-nmol/mol,part_2,3,1-10,3.23E-05,3.72E-05
o3,corrida_1,0-nmol/mol,part_2,3,11-20,5.16E-05,2.72E-05
o3,corrida_1,0-nmol/mol,part_2,3,21-30,3.87E-05,5.00E-05
o3,corrida_1,0-nmol/mol,part_3,4,1-10,2.26E-05,2.66E-05
o3,corrida_1,0-nmol/mol,part_3,4,11-20,2.26E-05,2.66E-05
o3,corrida_1,0-nmol/mol,part_3,4,21-30,2.58E-05,2.04E-05
o3,corrida_1,0-nmol/mol,part_4,5,1-10,4.19E-05,2.18E-05
o3,corrida_1,0-nmol/mol,part_4,5,11-20,2.26E-05,2.66E-05
o3,corrida_1,0-nmol/mol,part_4,5,21-30,3.87E-05,3.66E-05
o3,corrida_1,0-nmol/mol,part_5,6,1-10,5.48E-05,4.57E-05
o3,corrida_1,0-nmol/mol,part_5,6,11-20,2.90E-05,4.67E-05
o3,corrida_1,0-nmol/mol,part_5,6,21-30,4.19E-05,2.66E-05
o3,corrida_1,0-nmol/mol,part_6,7,1-10,3.23E-05,3.04E-05
o3,corrida_1,0-nmol/mol,part_6,7,11-20,3.87E-05,2.54E-05
o3,corrida_1,0-nmol/mol,part_6,7,21-30,2.90E-05,1.83E-05
o3,corrida_1,0-nmol/mol,part_7,8,1-10,2.58E-05,1.36E-05
o3,corrida_1,0-nmol/mol,part_7,8,11-20,2.26E-05,1.56E-05
o3,corrida_1,0-nmol/mol,part_7,8,21-30,4.19E-05,3.06E-05
o3,corrida_1,0-nmol/mol,part_8,9,1-10,4.52E-05,2.72E-05
o3,corrida_1,0-nmol/mol,part_8,9,11-20,3.87E-05,3.33E-05
o3,corrida_1,0-nmol/mol,part_8,9,21-30,3.55E-05,3.86E-05
o3,corrida_1,0-nmol/mol,part_9,10,1-10,3.23E-05,4.02E-05
o3,corrida_1,0-nmol/mol,part_9,10,11-20,2.26E-05,2.18E-05
o3,corrida_1,0-nmol/mol,part_9,10,21-30,6.13E-05,4.67E-05
o3,corrida_1,0-nmol/mol,ref,1,1-10,3.23E-05,2.15E-05
o3,corrida_1,0-nmol/mol,ref,1,11-20,3.87E-05,2.96E-05
o3,corrida_1,0-nmol/mol,ref,1,21-30,2.58E-05,2.54E-05
o3,corrida_2,120-nmol/mol,part_1,2,1-10,120.0544321,0.8473604591
o3,corrida_2,120-nmol/mol,part_1,2,11-20,120.2155644,0.782289415
o3,corrida_2,120-nmol/mol,part_1,2,21-30,119.8849946,0.8283574291
o3,corrida_2,120-nmol/mol,part_10,11,1-10,119.7690793,0.8171765541
o3,corrida_2,120-nmol/mol,part_10,11,11-20,119.901826,0.8445618033
o3,corrida_2,120-nmol/mol,part_10,11,21-30,120.0554956,0.8354241931
o3,corrida_2,120-nmol/mol,part_11,12,1-10,120.0770962,0.8446303194
o3,corrida_2,120-nmol/mol,part_11,12,11-20,119.7435804,0.8172196249
o3,corrida_2,120-nmol/mol,part_11,12,21-30,119.5697117,0.7532845771
o3,corrida_2,120-nmol/mol,part_12,13,1-10,119.7548094,0.8654432932
o3,corrida_2,120-nmol/mol,part_12,13,11-20,119.5449778,0.771713471
o3,corrida_2,120-nmol/mol,part_12,13,21-30,119.8859791,0.8597953769
o3,corrida_2,120-nmol/mol,part_2,3,1-10,120.0568335,0.8113373645
o3,corrida_2,120-nmol/mol,part_2,3,11-20,120.210534,0.7697766768
o3,corrida_2,120-nmol/mol,part_2,3,21-30,120.0755768,0.8139604953
o3,corrida_2,120-nmol/mol,part_3,4,1-10,119.7490934,0.8371180608
o3,corrida_2,120-nmol/mol,part_3,4,11-20,119.9151465,0.8495741613
o3,corrida_2,120-nmol/mol,part_3,4,21-30,120.5321732,0.5110812285
o3,corrida_2,120-nmol/mol,part_4,5,1-10,119.7385042,0.8209041495
o3,corrida_2,120-nmol/mol,part_4,5,11-20,120.0806329,0.8270986615
o3,corrida_2,120-nmol/mol,part_4,5,21-30,120.1963419,0.773329978
o3,corrida_2,120-nmol/mol,part_5,6,1-10,119.7354464,0.8064964191
o3,corrida_2,120-nmol/mol,part_5,6,11-20,119.8757348,0.8121812855
o3,corrida_2,120-nmol/mol,part_5,6,21-30,119.8820665,0.8537465787
o3,corrida_2,120-nmol/mol,part_6,7,1-10,119.6066936,0.7649146368
o3,corrida_2,120-nmol/mol,part_6,7,11-20,119.7464197,0.8100838531
o3,corrida_2,120-nmol/mol,part_6,7,21-30,119.4194526,0.6591266123
o3,corrida_2,120-nmol/mol,part_7,8,1-10,119.9173927,0.8325375396
o3,corrida_2,120-nmol/mol,part_7,8,11-20,120.0522717,0.8438842402
o3,corrida_2,120-nmol/mol,part_7,8,21-30,120.0607583,0.8320638296
o3,corrida_2,120-nmol/mol,part_8,9,1-10,120.0978288,0.8268955012
o3,corrida_2,120-nmol/mol,part_8,9,11-20,119.606933,0.7461665906
o3,corrida_2,120-nmol/mol,part_8,9,21-30,120.2103202,0.7874120354
o3,corrida_2,120-nmol/mol,part_9,10,1-10,119.7496817,0.8044536864
o3,corrida_2,120-nmol/mol,part_9,10,11-20,119.5705457,0.7639119849
o3,corrida_2,120-nmol/mol,part_9,10,21-30,119.877266,0.8665493185
o3,corrida_2,120-nmol/mol,ref,1,1-10,120.040687,0.8561347986
o3,corrida_2,120-nmol/mol,ref,1,11-20,120.0801164,0.8069008126
o3,corrida_2,120-nmol/mol,ref,1,21-30,119.9054166,0.8402319038
o3,corrida_3,180-nmol/mol,part_1,2,1-10,178.0904087,1.961377556
o3,corrida_3,180-nmol/mol,part_1,2,11-20,178.8481762,2.041862273
o3,corrida_3,180-nmol/mol,part_1,2,21-30,179.2287851,1.885190992
o3,corrida_3,180-nmol/mol,part_10,11,1-10,177.5448127,1.955491869
o3,corrida_3,180-nmol/mol,part_10,11,11-20,177.589857,1.962591297
o3,corrida_3,180-nmol/mol,part_10,11,21-30,178.8097968,2.082045935
o3,corrida_3,180-nmol/mol,part_11,12,1-10,179.2329729,1.876208227
o3,corrida_3,180-nmol/mol,part_11,12,11-20,179.2257971,1.906300134
o3,corrida_3,180-nmol/mol,part_11,12,21-30,180.3716519,0.1188145498
o3,corrida_3,180-nmol/mol,part_12,13,1-10,179.2067741,1.949104598
o3,corrida_3,180-nmol/mol,part_12,13,11-20,178.7718177,2.065654092
o3,corrida_3,180-nmol/mol,part_12,13,21-30,178.0295965,2.001743852
o3,corrida_3,180-nmol/mol,part_2,3,1-10,178.0138905,1.99121194
o3,corrida_3,180-nmol/mol,part_2,3,11-20,177.9630784,2.069800869
o3,corrida_3,180-nmol/mol,part_2,3,21-30,177.5702634,1.939018182
o3,corrida_3,180-nmol/mol,part_3,4,1-10,178.025781,2.066683223
o3,corrida_3,180-nmol/mol,part_3,4,11-20,178.0389901,2.098695624
o3,corrida_3,180-nmol/mol,part_3,4,21-30,178.0533496,2.030503531
o3,corrida_3,180-nmol/mol,part_4,5,1-10,179.5881718,1.679524729
o3,corrida_3,180-nmol/mol,part_4,5,11-20,178.7740045,2.106647439
o3,corrida_3,180-nmol/mol,part_4,5,21-30,179.2308921,1.889698639
o3,corrida_3,180-nmol/mol,part_5,6,1-10,178.0099562,2.027632704
o3,corrida_3,180-nmol/mol,part_5,6,11-20,178.0197301,2.036088245
o3,corrida_3,180-nmol/mol,part_5,6,21-30,178.0750654,2.015798544
o3,corrida_3,180-nmol/mol,part_6,7,1-10,178.4389388,2.080197858
o3,corrida_3,180-nmol/mol,part_6,7,11-20,178.837148,2.097132835
o3,corrida_3,180-nmol/mol,part_6,7,21-30,177.1816937,1.65872323
o3,corrida_3,180-nmol/mol,part_7,8,1-10,177.6076832,1.955774905
o3,corrida_3,180-nmol/mol,part_7,8,11-20,178.8007653,1.989980948
o3,corrida_3,180-nmol/mol,part_7,8,21-30,178.4634843,2.0463591
o3,corrida_3,180-nmol/mol,part_8,9,1-10,178.0037765,2.052855097
o3,corrida_3,180-nmol/mol,part_8,9,11-20,178.7972577,2.051616391
o3,corrida_3,180-nmol/mol,part_8,9,21-30,177.1944607,1.66373966
o3,corrida_3,180-nmol/mol,part_9,10,1-10,178.0045382,2.075606021
o3,corrida_3,180-nmol/mol,part_9,10,11-20,178.0530124,2.062558099
o3,corrida_3,180-nmol/mol,part_9,10,21-30,178.7384522,2.053369771
o3,corrida_3,180-nmol/mol,ref,1,1-10,178.3756329,2.098926664
o3,corrida_3,180-nmol/mol,ref,1,11-20,176.8166502,1.31725415
o3,corrida_3,180-nmol/mol,ref,1,21-30,177.6492294,1.926762755
o3,corrida_4,40-nmol/mol,part_1,2,1-10,40.57971074,0.3269518278
o3,corrida_4,40-nmol/mol,part_1,2,11-20,40.60031044,0.3261129943
o3,corrida_4,40-nmol/mol,part_1,2,21-30,40.54861917,0.3453473723
o3,corrida_4,40-nmol/mol,part_10,11,1-10,40.64046405,0.312022101
o3,corrida_4,40-nmol/mol,part_10,11,11-20,40.66960701,0.2855864317
o3,corrida_4,40-nmol/mol,part_10,11,21-30,40.45425698,0.3397722886
o3,corrida_4,40-nmol/mol,part_11,12,1-10,40.34993971,0.2698380179
o3,corrida_4,40-nmol/mol,part_11,12,11-20,40.5343788,0.3505637615
o3,corrida_4,40-nmol/mol,part_11,12,21-30,40.31891079,0.3009408747
o3,corrida_4,40-nmol/mol,part_12,13,1-10,40.59958791,0.3333153186
o3,corrida_4,40-nmol/mol,part_12,13,11-20,40.45444016,0.3304227896
o3,corrida_4,40-nmol/mol,part_12,13,21-30,40.45672233,0.3472703346
o3,corrida_4,40-nmol/mol,part_2,3,1-10,40.48323372,0.3110138669
o3,corrida_4,40-nmol/mol,part_2,3,11-20,40.70203978,0.2759166896
o3,corrida_4,40-nmol/mol,part_2,3,21-30,40.33648949,0.2660888913
o3,corrida_4,40-nmol/mol,part_3,4,1-10,40.5273607,0.3312082825
o3,corrida_4,40-nmol/mol,part_3,4,11-20,40.39216024,0.2981964049
o3,corrida_4,40-nmol/mol,part_3,4,21-30,40.53029136,0.3489453823
o3,corrida_4,40-nmol/mol,part_4,5,1-10,40.46971747,0.3301759941
o3,corrida_4,40-nmol/mol,part_4,5,11-20,40.5923202,0.3151809475
o3,corrida_4,40-nmol/mol,part_4,5,21-30,40.64010765,0.3046397213
o3,corrida_4,40-nmol/mol,part_5,6,1-10,40.60985664,0.3317244248
o3,corrida_4,40-nmol/mol,part_5,6,11-20,40.53206466,0.3361976108
o3,corrida_4,40-nmol/mol,part_5,6,21-30,40.64083795,0.3063494725
o3,corrida_4,40-nmol/mol,part_6,7,1-10,40.51955684,0.3476199581
o3,corrida_4,40-nmol/mol,part_6,7,11-20,40.46709298,0.3492168763
o3,corrida_4,40-nmol/mol,part_6,7,21-30,40.40924367,0.325794714
o3,corrida_4,40-nmol/mol,part_7,8,1-10,40.61610561,0.3061159891
o3,corrida_4,40-nmol/mol,part_7,8,11-20,40.46818138,0.3294438672
o3,corrida_4,40-nmol/mol,part_7,8,21-30,40.50271493,0.3198817021
o3,corrida_4,40-nmol/mol,part_8,9,1-10,40.64935823,0.3225692794
o3,corrida_4,40-nmol/mol,part_8,9,11-20,40.57725276,0.3268381817
o3,corrida_4,40-nmol/mol,part_8,9,21-30,40.32729225,0.2848261412
o3,corrida_4,40-nmol/mol,part_9,10,1-10,40.47214732,0.338847242
o3,corrida_4,40-nmol/mol,part_9,10,11-20,40.4666379,0.3432712779
o3,corrida_4,40-nmol/mol,part_9,10,21-30,40.39817591,0.327755258
o3,corrida_4,40-nmol/mol,ref,1,1-10,40.38842062,0.2972652698
o3,corrida_4,40-nmol/mol,ref,1,11-20,40.46590933,0.3067004586
o3,corrida_4,40-nmol/mol,ref,1,21-30,40.26791428,0.215275998
o3,corrida_5,80-nmol/mol,part_1,2,1-10,80.28985619,0.5510100298
o3,corrida_5,80-nmol/mol,part_1,2,11-20,80.19161277,0.5913850266
o3,corrida_5,80-nmol/mol,part_1,2,21-30,80.20591582,0.5696925015
o3,corrida_5,80-nmol/mol,part_10,11,1-10,80.10567472,0.579858217
o3,corrida_5,80-nmol/mol,part_10,11,11-20,80.06514266,0.5900779634
o3,corrida_5,80-nmol/mol,part_10,11,21-30,80.08671615,0.5919264361
o3,corrida_5,80-nmol/mol,part_11,12,1-10,80.08524867,0.5551920673
o3,corrida_5,80-nmol/mol,part_11,12,11-20,79.8801045,0.5339493124
o3,corrida_5,80-nmol/mol,part_11,12,21-30,80.20277965,0.5855577955
o3,corrida_5,80-nmol/mol,part_12,13,1-10,79.89872858,0.5485026265
o3,corrida_5,80-nmol/mol,part_12,13,11-20,79.98543931,0.6047257046
o3,corrida_5,80-nmol/mol,part_12,13,21-30,80.209174,0.572729948
o3,corrida_5,80-nmol/mol,part_2,3,1-10,80.20993101,0.5924231342
o3,corrida_5,80-nmol/mol,part_2,3,11-20,79.76209382,0.4496626584
o3,corrida_5,80-nmol/mol,part_2,3,21-30,80.19970341,0.5938039612
o3,corrida_5,80-nmol/mol,part_3,4,1-10,79.85919324,0.5431219323
o3,corrida_5,80-nmol/mol,part_3,4,11-20,80.10293296,0.5785088994
o3,corrida_5,80-nmol/mol,part_3,4,21-30,79.98920018,0.5804761647
o3,corrida_5,80-nmol/mol,part_4,5,1-10,80.07473443,0.6002919613
o3,corrida_5,80-nmol/mol,part_4,5,11-20,80.3257559,0.5526340429
o3,corrida_5,80-nmol/mol,part_4,5,21-30,79.87229847,0.5498388759
o3,corrida_5,80-nmol/mol,part_5,6,1-10,80.30100177,0.5314624024
o3,corrida_5,80-nmol/mol,part_5,6,11-20,79.97712597,0.5953826039
o3,corrida_5,80-nmol/mol,part_5,6,21-30,80.19589173,0.5833875071
o3,corrida_5,80-nmol/mol,part_6,7,1-10,80.20195766,0.5657664495
o3,corrida_5,80-nmol/mol,part_6,7,11-20,80.34378572,0.5526095142
o3,corrida_5,80-nmol/mol,part_6,7,21-30,80.23618734,0.579136742
o3,corrida_5,80-nmol/mol,part_7,8,1-10,80.00082828,0.5871488702
o3,corrida_5,80-nmol/mol,part_7,8,11-20,79.98682438,0.5819344383
o3,corrida_5,80-nmol/mol,part_7,8,21-30,79.986863,0.5811011359
o3,corrida_5,80-nmol/mol,part_8,9,1-10,80.20720246,0.5498162587
o3,corrida_5,80-nmol/mol,part_8,9,11-20,80.07387686,0.5968093527
o3,corrida_5,80-nmol/mol,part_8,9,21-30,79.86058127,0.5502473862
o3,corrida_5,80-nmol/mol,part_9,10,1-10,80.21281358,0.5739947065
o3,corrida_5,80-nmol/mol,part_9,10,11-20,80.20531061,0.5708719165
o3,corrida_5,80-nmol/mol,part_9,10,21-30,80.3246715,0.5472683205
o3,corrida_5,80-nmol/mol,ref,1,1-10,79.97835672,0.5890086559
o3,corrida_5,80-nmol/mol,ref,1,11-20,79.85503976,0.5661002379
o3,corrida_5,80-nmol/mol,ref,1,21-30,79.855612,0.5555840264
so2,corrida_1,0-nmol/mol,part_1,2,1-10,0.04339622642,0.04033991877
so2,corrida_1,0-nmol/mol,part_1,2,11-20,0.05358490566,0.04464257093
so2,corrida_1,0-nmol/mol,part_1,2,21-30,0.04830188679,0.052024403
so2,corrida_1,0-nmol/mol,part_10,11,1-10,0.05433962264,0.03831629063
so2,corrida_1,0-nmol/mol,part_10,11,11-20,0.05264150943,0.04241857458
so2,corrida_1,0-nmol/mol,part_10,11,21-30,0.06075471698,0.04058236715
so2,corrida_1,0-nmol/mol,part_11,12,1-10,0.04924528302,0.05114449013
so2,corrida_1,0-nmol/mol,part_11,12,11-20,0.04773584906,0.04311778322
so2,corrida_1,0-nmol/mol,part_11,12,21-30,0.05849056604,0.04499383553
so2,corrida_1,0-nmol/mol,part_12,13,1-10,0.05358490566,0.02410044511
so2,corrida_1,0-nmol/mol,part_12,13,11-20,0.05,0.04397346471
so2,corrida_1,0-nmol/mol,part_12,13,21-30,0.02264150943,0.06081471574
so2,corrida_1,0-nmol/mol,part_2,3,1-10,0.06641509434,0.04426529298
so2,corrida_1,0-nmol/mol,part_2,3,11-20,0.0479245283,0.0292598192
so2,corrida_1,0-nmol/mol,part_2,3,21-30,0.05962264151,0.04519733333
so2,corrida_1,0-nmol/mol,part_3,4,1-10,0.04679245283,0.05035218712
so2,corrida_1,0-nmol/mol,part_3,4,11-20,0.04433962264,0.02576698167
so2,corrida_1,0-nmol/mol,part_3,4,21-30,0.04698113208,0.04294681155
so2,corrida_1,0-nmol/mol,part_4,5,1-10,0.07622641509,0.02748938542
so2,corrida_1,0-nmol/mol,part_4,5,11-20,0.05509433962,0.03782797978
so2,corrida_1,0-nmol/mol,part_4,5,21-30,0.07396226415,0.03078293518
so2,corrida_1,0-nmol/mol,part_5,6,1-10,0.07660377358,0.03570200448
so2,corrida_1,0-nmol/mol,part_5,6,11-20,0.03264150943,0.05118005439
so2,corrida_1,0-nmol/mol,part_5,6,21-30,0.05264150943,0.02848230405
so2,corrida_1,0-nmol/mol,part_6,7,1-10,0.02754716981,0.02986196372
so2,corrida_1,0-nmol/mol,part_6,7,11-20,0.03962264151,0.04535284623
so2,corrida_1,0-nmol/mol,part_6,7,21-30,0.04264150943,0.03402277395
so2,corrida_1,0-nmol/mol,part_7,8,1-10,0.02566037736,0.04288920841
so2,corrida_1,0-nmol/mol,part_7,8,11-20,0.05320754717,0.04433672322
so2,corrida_1,0-nmol/mol,part_7,8,21-30,0.07018867925,0.03714207907
so2,corrida_1,0-nmol/mol,part_8,9,1-10,0.05528301887,0.04429432541
so2,corrida_1,0-nmol/mol,part_8,9,11-20,0.05566037736,0.03891501493
so2,corrida_1,0-nmol/mol,part_8,9,21-30,0.06452830189,0.03394828503
so2,corrida_1,0-nmol/mol,part_9,10,1-10,0.05396226415,0.03665323335
so2,corrida_1,0-nmol/mol,part_9,10,11-20,0.04811320755,0.04497844814
so2,corrida_1,0-nmol/mol,part_9,10,21-30,0.04471698113,0.03920666137
so2,corrida_1,0-nmol/mol,ref,1,1-10,0.05471698113,0.04457872993
so2,corrida_1,0-nmol/mol,ref,1,11-20,0.004905660377,0.05264417687
so2,corrida_1,0-nmol/mol,ref,1,21-30,0.02264150943,0.02734222028
so2,corrida_2,100-nmol/mol,part_1,2,1-10,99.85905029,0.46504031
so2,corrida_2,100-nmol/mol,part_1,2,11-20,99.75624666,0.536454104
so2,corrida_2,100-nmol/mol,part_1,2,21-30,99.48415195,0.6146257023
so2,corrida_2,100-nmol/mol,part_10,11,1-10,99.05029829,0.3405122316
so2,corrida_2,100-nmol/mol,part_10,11,11-20,99.72659444,0.5058940521
so2,corrida_2,100-nmol/mol,part_10,11,21-30,99.50226993,0.5999126612
so2,corrida_2,100-nmol/mol,part_11,12,1-10,99.41009765,0.591631946
so2,corrida_2,100-nmol/mol,part_11,12,11-20,99.30024478,0.5333928379
so2,corrida_2,100-nmol/mol,part_11,12,21-30,99.92751739,0.3498658621
so2,corrida_2,100-nmol/mol,part_12,13,1-10,99.520416,0.6131537253
so2,corrida_2,100-nmol/mol,part_12,13,11-20,99.28768058,0.5220810555
so2,corrida_2,100-nmol/mol,part_12,13,21-30,99.41625736,0.5632892031
so2,corrida_2,100-nmol/mol,part_2,3,1-10,99.40236758,0.5874184417
so2,corrida_2,100-nmol/mol,part_2,3,11-20,99.61394997,0.5564821495
so2,corrida_2,100-nmol/mol,part_2,3,21-30,99.72174024,0.5258067961
so2,corrida_2,100-nmol/mol,part_3,4,1-10,99.17899144,0.4747739482
so2,corrida_2,100-nmol/mol,part_3,4,11-20,99.28315008,0.5592647852
so2,corrida_2,100-nmol/mol,part_3,4,21-30,99.40862226,0.5686470858
so2,corrida_2,100-nmol/mol,part_4,5,1-10,99.44347245,0.5350693773
so2,corrida_2,100-nmol/mol,part_4,5,11-20,99.50117041,0.592301688
so2,corrida_2,100-nmol/mol,part_4,5,21-30,99.5379374,0.5929801241
so2,corrida_2,100-nmol/mol,part_5,6,1-10,99.49877608,0.5488968379
so2,corrida_2,100-nmol/mol,part_5,6,11-20,99.5236878,0.5680442482
so2,corrida_2,100-nmol/mol,part_5,6,21-30,99.60872525,0.5757703621
so2,corrida_2,100-nmol/mol,part_6,7,1-10,99.48669074,0.6327808929
so2,corrida_2,100-nmol/mol,part_6,7,11-20,99.29972579,0.5656159415
so2,corrida_2,100-nmol/mol,part_6,7,21-30,99.27495051,0.5504405527
so2,corrida_2,100-nmol/mol,part_7,8,1-10,99.48428438,0.6130080938
so2,corrida_2,100-nmol/mol,part_7,8,11-20,99.71226859,0.5401370863
so2,corrida_2,100-nmol/mol,part_7,8,21-30,99.92225923,0.3473034294
so2,corrida_2,100-nmol/mol,part_8,9,1-10,99.63861691,0.5732885959
so2,corrida_2,100-nmol/mol,part_8,9,11-20,99.40545746,0.5759064642
so2,corrida_2,100-nmol/mol,part_8,9,21-30,99.27353665,0.5313822449
so2,corrida_2,100-nmol/mol,part_9,10,1-10,99.59840021,0.562154348
so2,corrida_2,100-nmol/mol,part_9,10,11-20,99.48547218,0.5845403819
so2,corrida_2,100-nmol/mol,part_9,10,21-30,99.61775013,0.5521125411
so2,corrida_2,100-nmol/mol,ref,1,1-10,99.27630284,0.5430214424
so2,corrida_2,100-nmol/mol,ref,1,11-20,99.27417335,0.5361949646
so2,corrida_2,100-nmol/mol,ref,1,21-30,99.72183119,0.567661716
so2,corrida_3,140-nmol/mol,part_1,2,1-10,139.1066189,0.4979210892
so2,corrida_3,140-nmol/mol,part_1,2,11-20,139.2541276,0.5132613807
so2,corrida_3,140-nmol/mol,part_1,2,21-30,138.994475,0.4621518371
so2,corrida_3,140-nmol/mol,part_10,11,1-10,139.2182927,0.462864343
so2,corrida_3,140-nmol/mol,part_10,11,11-20,138.9175397,0.4835558583
so2,corrida_3,140-nmol/mol,part_10,11,21-30,139.2879478,0.4936256259
so2,corrida_3,140-nmol/mol,part_11,12,1-10,138.9822614,0.5137692139
so2,corrida_3,140-nmol/mol,part_11,12,11-20,138.936318,0.4729356355
so2,corrida_3,140-nmol/mol,part_11,12,21-30,139.141276,0.480178518
so2,corrida_3,140-nmol/mol,part_12,13,1-10,139.0913147,0.4868368725
so2,corrida_3,140-nmol/mol,part_12,13,11-20,139.4834199,0.3410531038
so2,corrida_3,140-nmol/mol,part_12,13,21-30,139.296336,0.4119295925
so2,corrida_3,140-nmol/mol,part_2,3,1-10,139.095822,0.5060166621
so2,corrida_3,140-nmol/mol,part_2,3,11-20,139.1868307,0.5112633913
so2,corrida_3,140-nmol/mol,part_2,3,21-30,138.9315859,0.4690047518
so2,corrida_3,140-nmol/mol,part_3,4,1-10,139.2355172,0.4536615558
so2,corrida_3,140-nmol/mol,part_3,4,11-20,138.8246532,0.3977472222
so2,corrida_3,140-nmol/mol,part_3,4,21-30,139.3080227,0.4288729701
so2,corrida_3,140-nmol/mol,part_4,5,1-10,139.0215614,0.5163980822
so2,corrida_3,140-nmol/mol,part_4,5,11-20,139.2891618,0.4621684292
so2,corrida_3,140-nmol/mol,part_4,5,21-30,138.977036,0.4821111539
so2,corrida_3,140-nmol/mol,part_5,6,1-10,139.2088893,0.5087625035
so2,corrida_3,140-nmol/mol,part_5,6,11-20,139.0235322,0.4875903338
so2,corrida_3,140-nmol/mol,part_5,6,21-30,139.3886478,0.3828616063
so2,corrida_3,140-nmol/mol,part_6,7,1-10,139.1999277,0.4862759249
so2,corrida_3,140-nmol/mol,part_6,7,11-20,138.9972207,0.4793146418
so2,corrida_3,140-nmol/mol,part_6,7,21-30,139.1044221,0.5010333003
so2,corrida_3,140-nmol/mol,part_7,8,1-10,138.9401898,0.4303364874
so2,corrida_3,140-nmol/mol,part_7,8,11-20,139.0039197,0.5285801274
so2,corrida_3,140-nmol/mol,part_7,8,21-30,138.9810952,0.4784530855
so2,corrida_3,140-nmol/mol,part_8,9,1-10,139.0991579,0.5038024067
so2,corrida_3,140-nmol/mol,part_8,9,11-20,138.9755289,0.5078897351
so2,corrida_3,140-nmol/mol,part_8,9,21-30,139.0785664,0.5169347973
so2,corrida_3,140-nmol/mol,part_9,10,1-10,138.9876857,0.4876154379
so2,corrida_3,140-nmol/mol,part_9,10,11-20,139.0241237,0.4935193922
so2,corrida_3,140-nmol/mol,part_9,10,21-30,139.1195183,0.4602306304
so2,corrida_3,140-nmol/mol,ref,1,1-10,139.3042813,0.4052675569
so2,corrida_3,140-nmol/mol,ref,1,11-20,138.9933165,0.4954867362
so2,corrida_3,140-nmol/mol,ref,1,21-30,139.1933437,0.4863175516
so2,corrida_4,180-nmol/mol,part_1,2,1-10,180.4047598,0.3737466746
so2,corrida_4,180-nmol/mol,part_1,2,11-20,180.5716133,0.432655723
so2,corrida_4,180-nmol/mol,part_1,2,21-30,180.4275345,0.4071858509
so2,corrida_4,180-nmol/mol,part_10,11,1-10,180.5946326,0.3795458332
so2,corrida_4,180-nmol/mol,part_10,11,11-20,180.7562459,0.297987387
so2,corrida_4,180-nmol/mol,part_10,11,21-30,180.2152172,0.2713383938
so2,corrida_4,180-nmol/mol,part_11,12,1-10,180.4041456,0.3522146468
so2,corrida_4,180-nmol/mol,part_11,12,11-20,180.5628921,0.3900146634
so2,corrida_4,180-nmol/mol,part_11,12,21-30,180.5901864,0.487779982
so2,corrida_4,180-nmol/mol,part_12,13,1-10,180.593435,0.4525535841
so2,corrida_4,180-nmol/mol,part_12,13,11-20,180.5655462,0.4674778094
so2,corrida_4,180-nmol/mol,part_12,13,21-30,180.4737991,0.3294192736
so2,corrida_4,180-nmol/mol,part_2,3,1-10,180.8238649,0.3836301286
so2,corrida_4,180-nmol/mol,part_2,3,11-20,180.3750154,0.3981601331
so2,corrida_4,180-nmol/mol,part_2,3,21-30,180.7253674,0.4301799141
so2,corrida_4,180-nmol/mol,part_3,4,1-10,180.4136433,0.4086443127
so2,corrida_4,180-nmol/mol,part_3,4,11-20,180.307971,0.366038704
so2,corrida_4,180-nmol/mol,part_3,4,21-30,180.5377199,0.3869288189
so2,corrida_4,180-nmol/mol,part_4,5,1-10,180.6849134,0.4496668184
so2,corrida_4,180-nmol/mol,part_4,5,11-20,180.52102,0.4302317662
so2,corrida_4,180-nmol/mol,part_4,5,21-30,180.5410309,0.3994133269
so2,corrida_4,180-nmol/mol,part_5,6,1-10,180.6427758,0.4289080904
so2,corrida_4,180-nmol/mol,part_5,6,11-20,180.573775,0.4343616507
so2,corrida_4,180-nmol/mol,part_5,6,21-30,180.5639285,0.399162375
so2,corrida_4,180-nmol/mol,part_6,7,1-10,180.73958,0.4425526595
so2,corrida_4,180-nmol/mol,part_6,7,11-20,180.5653663,0.3702077719
so2,corrida_4,180-nmol/mol,part_6,7,21-30,180.4829798,0.3913042133
so2,corrida_4,180-nmol/mol,part_7,8,1-10,180.7440162,0.4053851991
so2,corrida_4,180-nmol/mol,part_7,8,11-20,180.5758905,0.4855730344
so2,corrida_4,180-nmol/mol,part_7,8,21-30,180.4574808,0.3826778241
so2,corrida_4,180-nmol/mol,part_8,9,1-10,180.6731268,0.3582213564
so2,corrida_4,180-nmol/mol,part_8,9,11-20,180.4899616,0.3926168565
so2,corrida_4,180-nmol/mol,part_8,9,21-30,180.7276442,0.4039020937
so2,corrida_4,180-nmol/mol,part_9,10,1-10,180.5950998,0.4462024269
so2,corrida_4,180-nmol/mol,part_9,10,11-20,180.7020509,0.4356891447
so2,corrida_4,180-nmol/mol,part_9,10,21-30,180.3500033,0.4240356031
so2,corrida_4,180-nmol/mol,ref,1,1-10,180.8498322,0.2897466995
so2,corrida_4,180-nmol/mol,ref,1,11-20,180.6878307,0.4195244959
so2,corrida_4,180-nmol/mol,ref,1,21-30,180.6618688,0.3917858335
so2,corrida_5,20-nmol/mol,part_1,2,1-10,19.70952941,0.04355042771
so2,corrida_5,20-nmol/mol,part_1,2,11-20,19.74988235,0.02771969321
so2,corrida_5,20-nmol/mol,part_1,2,21-30,19.72482353,0.02666349462
so2,corrida_5,20-nmol/mol,part_10,11,1-10,19.73188235,0.04284912688
so2,corrida_5,20-nmol/mol,part_10,11,11-20,19.74411765,0.04034167796
so2,corrida_5,20-nmol/mol,part_10,11,21-30,19.73152941,0.03146945817
so2,corrida_5,20-nmol/mol,part_11,12,1-10,19.74988235,0.03577966663
so2,corrida_5,20-nmol/mol,part_11,12,11-20,19.74270588,0.0404170873
so2,corrida_5,20-nmol/mol,part_11,12,21-30,19.73223529,0.033105101
so2,corrida_5,20-nmol/mol,part_12,13,1-10,19.72270588,0.0459612193
so2,corrida_5,20-nmol/mol,part_12,13,11-20,19.72423529,0.05094478394
so2,corrida_5,20-nmol/mol,part_12,13,21-30,19.74058824,0.02958770904
so2,corrida_5,20-nmol/mol,part_2,3,1-10,19.73517647,0.02379232201
so2,corrida_5,20-nmol/mol,part_2,3,11-20,19.73105882,0.02565077625
so2,corrida_5,20-nmol/mol,part_2,3,21-30,19.72694118,0.0411314413
so2,corrida_5,20-nmol/mol,part_3,4,1-10,19.74588235,0.02599500144
so2,corrida_5,20-nmol/mol,part_3,4,11-20,19.72552941,0.04059552838
so2,corrida_5,20-nmol/mol,part_3,4,21-30,19.72564706,0.04118132558
so2,corrida_5,20-nmol/mol,part_4,5,1-10,19.72564706,0.03454009366
so2,corrida_5,20-nmol/mol,part_4,5,11-20,19.73552941,0.03279519474
so2,corrida_5,20-nmol/mol,part_4,5,21-30,19.72941176,0.0370666036
so2,corrida_5,20-nmol/mol,part_5,6,1-10,19.71305882,0.03118300585
so2,corrida_5,20-nmol/mol,part_5,6,11-20,19.73482353,0.04606199123
so2,corrida_5,20-nmol/mol,part_5,6,21-30,19.726,0.038660581
so2,corrida_5,20-nmol/mol,part_6,7,1-10,19.74517647,0.04208045972
so2,corrida_5,20-nmol/mol,part_6,7,11-20,19.72882353,0.04494004721
so2,corrida_5,20-nmol/mol,part_6,7,21-30,19.71105882,0.02043886054
so2,corrida_5,20-nmol/mol,part_7,8,1-10,19.74317647,0.03200850521
so2,corrida_5,20-nmol/mol,part_7,8,11-20,19.71705882,0.03897672291
so2,corrida_5,20-nmol/mol,part_7,8,21-30,19.72811765,0.02879323471
so2,corrida_5,20-nmol/mol,part_8,9,1-10,19.72082353,0.04477823522
so2,corrida_5,20-nmol/mol,part_8,9,11-20,19.72011765,0.03187562334
so2,corrida_5,20-nmol/mol,part_8,9,21-30,19.72258824,0.03829828898
so2,corrida_5,20-nmol/mol,part_9,10,1-10,19.72917647,0.03742910767
so2,corrida_5,20-nmol/mol,part_9,10,11-20,19.73611765,0.01929196545
so2,corrida_5,20-nmol/mol,part_9,10,21-30,19.722,0.02391224505
so2,corrida_5,20-nmol/mol,ref,1,1-10,19.70588235,0.02918342738
so2,corrida_5,20-nmol/mol,ref,1,11-20,19.70705882,0.03751201269
so2,corrida_5,20-nmol/mol,ref,1,21-30,19.73023529,0.02394437999
so2,corrida_6,60-nmol/mol,part_1,2,1-10,59.91763441,0.04598777223
so2,corrida_6,60-nmol/mol,part_1,2,11-20,59.90247312,0.03503774436
so2,corrida_6,60-nmol/mol,part_1,2,21-30,59.88849462,0.02948690429
so2,corrida_6,60-nmol/mol,part_10,11,1-10,59.91021505,0.03110751842
so2,corrida_6,60-nmol/mol,part_10,11,11-20,59.89204301,0.02116941884
so2,corrida_6,60-nmol/mol,part_10,11,21-30,59.90086022,0.05665985373
so2,corrida_6,60-nmol/mol,part_11,12,1-10,59.90387097,0.02802216463
so2,corrida_6,60-nmol/mol,part_11,12,11-20,59.88623656,0.03683151052
so2,corrida_6,60-nmol/mol,part_11,12,21-30,59.88774194,0.04597100815
so2,corrida_6,60-nmol/mol,part_12,13,1-10,59.90258065,0.0284136945
so2,corrida_6,60-nmol/mol,part_12,13,11-20,59.90612903,0.04398843995
so2,corrida_6,60-nmol/mol,part_12,13,21-30,59.88451613,0.02979527445
so2,corrida_6,60-nmol/mol,part_2,3,1-10,59.88537634,0.03473264383
so2,corrida_6,60-nmol/mol,part_2,3,11-20,59.90193548,0.04948781227
so2,corrida_6,60-nmol/mol,part_2,3,21-30,59.90301075,0.03357640591
so2,corrida_6,60-nmol/mol,part_3,4,1-10,59.90150538,0.02353722806
so2,corrida_6,60-nmol/mol,part_3,4,11-20,59.89322581,0.04305568143
so2,corrida_6,60-nmol/mol,part_3,4,21-30,59.88301075,0.02766969376
so2,corrida_6,60-nmol/mol,part_4,5,1-10,59.89150538,0.04245594983
so2,corrida_6,60-nmol/mol,part_4,5,11-20,59.89182796,0.03463263388
so2,corrida_6,60-nmol/mol,part_4,5,21-30,59.9016129,0.03380690306
so2,corrida_6,60-nmol/mol,part_5,6,1-10,59.89032258,0.03322331248
so2,corrida_6,60-nmol/mol,part_5,6,11-20,59.89763441,0.03978591494
so2,corrida_6,60-nmol/mol,part_5,6,21-30,59.89978495,0.03202544562
so2,corrida_6,60-nmol/mol,part_6,7,1-10,59.92204301,0.02095011973
so2,corrida_6,60-nmol/mol,part_6,7,11-20,59.88462366,0.02953478963
so2,corrida_6,60-nmol/mol,part_6,7,21-30,59.87494624,0.02712222165
so2,corrida_6,60-nmol/mol,part_7,8,1-10,59.88387097,0.02881238926
so2,corrida_6,60-nmol/mol,part_7,8,11-20,59.89516129,0.04057705444
so2,corrida_6,60-nmol/mol,part_7,8,21-30,59.88698925,0.04763237237
so2,corrida_6,60-nmol/mol,part_8,9,1-10,59.91483871,0.04643977459
so2,corrida_6,60-nmol/mol,part_8,9,11-20,59.88236559,0.04510777964
so2,corrida_6,60-nmol/mol,part_8,9,21-30,59.88655914,0.02430546265
so2,corrida_6,60-nmol/mol,part_9,10,1-10,59.89849462,0.03650357715
so2,corrida_6,60-nmol/mol,part_9,10,11-20,59.88774194,0.04519598144
so2,corrida_6,60-nmol/mol,part_9,10,21-30,59.87569892,0.04037376282
so2,corrida_6,60-nmol/mol,ref,1,1-10,59.90795699,0.04008316017
so2,corrida_6,60-nmol/mol,ref,1,11-20,59.90365591,0.03256011514
so2,corrida_6,60-nmol/mol,ref,1,21-30,59.88569892,0.03244885831
so2,corrida_7,61-nmol/mol,part_1,2,1-10,59.05728395,0.02548252356
so2,corrida_7,61-nmol/mol,part_1,2,11-20,59.05950617,0.03993169327
so2,corrida_7,61-nmol/mol,part_1,2,21-30,59.04074074,0.03962601849
so2,corrida_7,61-nmol/mol,part_10,11,1-10,59.04728395,0.03622825196
so2,corrida_7,61-nmol/mol,part_10,11,11-20,59.0454321,0.01842040769
so2,corrida_7,61-nmol/mol,part_10,11,21-30,59.04530864,0.03267422333
so2,corrida_7,61-nmol/mol,part_11,12,1-10,59.04728395,0.04362159329
so2,corrida_7,61-nmol/mol,part_11,12,11-20,59.05666667,0.04003609779
so2,corrida_7,61-nmol/mol,part_11,12,21-30,59.06358025,0.03899814817
so2,corrida_7,61-nmol/mol,part_12,13,1-10,59.04493827,0.02255654624
so2,corrida_7,61-nmol/mol,part_12,13,11-20,59.06382716,0.03034710876
so2,corrida_7,61-nmol/mol,part_12,13,21-30,59.05925926,0.01770025775
so2,corrida_7,61-nmol/mol,part_2,3,1-10,59.04395062,0.03648514276
so2,corrida_7,61-nmol/mol,part_2,3,11-20,59.0482716,0.03682817193
so2,corrida_7,61-nmol/mol,part_2,3,21-30,59.06987654,0.03914962563
so2,corrida_7,61-nmol/mol,part_3,4,1-10,59.0462963,0.02630688813
so2,corrida_7,61-nmol/mol,part_3,4,11-20,59.05358025,0.03460805037
so2,corrida_7,61-nmol/mol,part_3,4,21-30,59.03925926,0.05137213587
so2,corrida_7,61-nmol/mol,part_4,5,1-10,59.04296296,0.03197612956
so2,corrida_7,61-nmol/mol,part_4,5,11-20,59.05049383,0.02361473071
so2,corrida_7,61-nmol/mol,part_4,5,21-30,59.04765432,0.02397591751
so2,corrida_7,61-nmol/mol,part_5,6,1-10,59.04555556,0.04030170389
so2,corrida_7,61-nmol/mol,part_5,6,11-20,59.07222222,0.03149291059
so2,corrida_7,61-nmol/mol,part_5,6,21-30,59.08024691,0.04644192915
so2,corrida_7,61-nmol/mol,part_6,7,1-10,59.06320988,0.04845772936
so2,corrida_7,61-nmol/mol,part_6,7,11-20,59.06432099,0.04091060734
so2,corrida_7,61-nmol/mol,part_6,7,21-30,59.04382716,0.03614963417
so2,corrida_7,61-nmol/mol,part_7,8,1-10,59.04160494,0.03422844299
so2,corrida_7,61-nmol/mol,part_7,8,11-20,59.05567901,0.02655803969
so2,corrida_7,61-nmol/mol,part_7,8,21-30,59.05790123,0.01995311954
so2,corrida_7,61-nmol/mol,part_8,9,1-10,59.05753086,0.02984716668
so2,corrida_7,61-nmol/mol,part_8,9,11-20,59.0517284,0.03373205619
so2,corrida_7,61-nmol/mol,part_8,9,21-30,59.04123457,0.0452607552
so2,corrida_7,61-nmol/mol,part_9,10,1-10,59.04666667,0.04183305193
so2,corrida_7,61-nmol/mol,part_9,10,11-20,59.06024691,0.03915654619
so2,corrida_7,61-nmol/mol,part_9,10,21-30,59.04074074,0.03876621844
so2,corrida_7,61-nmol/mol,ref,1,1-10,59.05296296,0.0297974784
so2,corrida_7,61-nmol/mol,ref,1,11-20,59.06098765,0.02526896418
so2,corrida_7,61-nmol/mol,ref,1,21-30,59.05320988,0.02849003025