Date ;Time;CO CALAIRE;CO (Invitado1);SO2 CALAIRE;SO2 (Invitado1);CO generado;SO2 Generado
ddmmaaaa;h;ppm;ppm;ppb;ppb;ppm;ppb
4/23/2026;12:30;-0.014;0.005;-0.117;0.094;0.000;0.000
4/23/2026;12:31;-0.005;0.010;-0.064;0.095;0.000;0.000
4/23/2026;12:32;0.006;0.023;-0.078;0.107;0.000;0.000
4/23/2026;12:33;0.005;0.032;-0.039;0.145;0.000;0.000
4/23/2026;12:34;0.002;0.034;-0.018;0.163;0.000;0.000
4/23/2026;12:35;0.002;0.033;-0.112;0.223;0.000;0.000
4/23/2026;12:36;0.004;0.036;-0.098;0.290;0.000;0.000
4/23/2026;12:37;0.004;0.039;-0.055;0.347;0.000;0.000
4/23/2026;12:38;0.006;0.039;-0.040;0.406;0.000;0.000
4/23/2026;12:39;0.006;0.040;-0.061;0.467;0.000;0.000
4/23/2026;12:40;0.004;0.046;-0.031;0.511;0.000;0.000
4/23/2026;12:41;0.003;0.063;-0.026;0.549;0.000;0.000
4/23/2026;12:42;-0.004;0.077;-0.040;0.634;0.000;0.000
4/23/2026;12:43;0.010;0.080;-0.005;0.646;0.000;0.000
4/23/2026;12:44;0.018;0.070;0.021;0.632;0.000;0.000
4/23/2026;12:45;0.026;0.065;-0.002;0.593;0.000;0.000
4/23/2026;12:46;0.044;0.064;-0.075;0.533;0.000;0.000
4/23/2026;12:47;0.056;0.059;-0.065;0.461;0.000;0.000
4/23/2026;12:48;0.046;0.055;0.011;0.394;0.000;0.000
4/23/2026;12:49;-0.006;0.055;0.031;0.372;0.000;0.000
4/23/2026;12:50;-0.056;0.054;0.003;0.393;0.000;0.000
4/23/2026;12:51;-0.067;0.056;-0.001;0.429;0.000;0.000
4/23/2026;12:52;-0.064;0.056;-0.001;0.491;0.000;0.000
4/23/2026;12:53;-0.046;0.049;0.043;0.527;0.000;0.000
4/23/2026;12:54;-0.040;0.043;-0.036;0.557;0.000;0.000
4/23/2026;12:55;-0.043;0.049;-0.006;0.557;0.000;0.000
4/23/2026;12:56;-0.013;0.054;0.004;0.524;0.000;0.000
4/23/2026;12:57;-0.015;0.049;0.001;0.515;0.000;0.000
4/23/2026;12:58;-0.022;0.041;0.003;0.502;0.000;0.000
4/23/2026;12:59;-0.040;0.043;0.028;0.488;0.000;0.000
4/23/2026;13:00;-0.040;0.041;-0.004;0.459;0.000;0.000
4/23/2026;13:01;-0.050;0.037;-0.050;0.423;0.000;0.000
4/23/2026;13:02;-0.042;0.036;-0.037;0.417;0.000;0.000
4/23/2026;13:03;-0.042;0.034;-0.008;0.358;0.000;0.000
4/23/2026;13:04;-0.053;0.030;-0.029;0.321;0.000;0.000
4/23/2026;13:05;-0.053;0.034;-0.049;0.254;0.000;0.000
4/23/2026;13:06;-0.048;0.034;-0.060;0.210;0.000;0.000
4/23/2026;13:07;-0.037;0.034;-0.015;0.185;0.000;0.000
4/23/2026;13:08;-0.039;0.032;-0.019;0.186;0.000;0.000
4/23/2026;13:09;-0.044;0.038;-0.005;0.171;0.000;0.000
4/23/2026;13:10;-0.043;0.030;-0.009;0.163;0.000;0.000
4/23/2026;13:11;-0.043;0.028;-0.029;0.164;0.000;0.000
4/23/2026;13:12;-0.046;0.028;-0.012;0.114;0.000;0.000
4/23/2026;13:13;-0.043;0.030;0.026;0.088;0.000;0.000
4/23/2026;13:14;-0.035;0.028;0.030;0.099;0.000;0.000
4/23/2026;13:15;-0.039;0.027;0.012;0.055;0.000;0.000
4/23/2026;13:16;-0.049;0.022;-0.049;0.000;0.000;0.000
4/23/2026;13:17;-0.049;0.024;-0.101;0.000;0.000;0.000
4/23/2026;13:18;-0.045;0.022;-0.130;0.000;0.000;0.000
4/23/2026;13:19;-0.047;0.020;-0.112;0.000;0.000;0.000
4/23/2026;13:20;-0.053;0.008;-0.100;0.000;0.000;0.000
4/23/2026;13:21;-0.056;0.007;-0.045;0.000;0.000;0.000
4/23/2026;13:22;-0.054;0.010;0.021;0.000;0.000;0.000
4/23/2026;13:23;-0.062;0.002;-0.017;0.000;0.000;0.000
4/23/2026;13:24;-0.056;0.000;-0.041;0.000;0.000;0.000
4/23/2026;13:25;-0.051;0.000;-0.026;0.000;0.000;0.000
4/23/2026;13:26;-0.020;0.000;-0.011;0.000;0.000;0.000
4/23/2026;13:27;-0.007;0.001;-0.046;0.000;0.000;0.000
4/23/2026;13:28;-0.004;0.008;-0.107;0.000;0.000;0.000
4/23/2026;13:29;-0.005;0.016;-0.019;0.000;0.000;0.000
4/23/2026;13:30;0.000;0.017;0.021;0.000;0.000;0.000
4/23/2026;13:31;0.007;0.017;0.001;0.000;0.000;0.000
4/23/2026;13:32;0.001;0.022;-0.013;0.000;0.000;0.000
4/23/2026;13:33;0.013;0.024;-0.046;0.000;0.000;0.000
4/23/2026;13:34;0.018;0.031;-0.044;0.000;0.000;0.000
4/23/2026;13:35;0.021;0.030;-0.026;0.000;0.000;0.000
4/23/2026;13:36;0.013;0.040;-0.007;0.000;0.000;0.000
4/23/2026;13:37;0.013;0.039;-0.040;0.000;0.000;0.000
4/23/2026;13:38;0.016;0.036;-0.050;0.000;0.000;0.000
4/23/2026;13:39;0.013;0.034;-0.030;0.000;0.000;0.000
4/23/2026;13:40;0.013;0.040;-0.018;0.000;0.000;0.000
4/23/2026;13:41;0.013;0.047;0.036;0.000;0.000;0.000
4/23/2026;13:42;0.024;0.053;0.012;0.000;0.000;0.000
4/23/2026;13:43;0.020;0.062;-0.028;0.000;0.000;0.000
4/23/2026;13:44;0.016;0.058;-0.030;0.000;0.000;0.000
4/23/2026;13:45;0.000;0.056;-0.039;0.000;0.000;0.000
4/23/2026;13:46;0.012;0.056;-0.069;0.000;0.000;0.000
4/23/2026;13:47;0.017;0.063;-0.047;0.000;0.000;0.000
4/23/2026;13:48;0.024;0.068;-0.040;0.000;0.000;0.000
4/23/2026;13:49;0.029;0.076;0.006;0.005;0.000;0.000
4/23/2026;13:50;0.023;0.087;0.000;0.056;0.000;0.000
4/23/2026;13:51;0.030;0.091;-0.059;0.126;0.000;0.000
4/23/2026;13:52;0.007;0.095;0.017;0.162;0.000;0.000
4/23/2026;13:53;-0.008;0.098;0.022;0.206;0.000;0.000
4/23/2026;13:54;-0.023;0.086;0.003;0.235;0.000;0.000
4/23/2026;13:55;-0.025;0.079;0.000;0.298;0.000;0.000
4/23/2026;13:56;-0.033;0.073;-0.009;0.308;0.000;0.000
4/23/2026;13:57;-0.034;0.066;-0.061;0.318;0.000;0.000
4/23/2026;13:58;-0.028;0.060;-0.120;0.352;0.000;0.000
4/23/2026;13:59;-0.031;0.061;-0.029;0.311;0.000;0.000
4/23/2026;14:00;-0.038;0.066;0.040;0.266;0.000;0.000
4/23/2026;14:01;-0.031;0.077;0.054;2.121;0.000;0.000
4/23/2026;14:02;3.604;3.517;21.495;83.316;0.000;0.000
4/23/2026;14:03;6.180;6.442;105.010;160.697;6.314;179
4/23/2026;14:04;6.276;6.515;163.763;176.805;6.314;179
4/23/2026;14:05;6.267;6.534;174.509;179.841;6.314;179
4/23/2026;14:06;6.279;6.548;176.316;180.442;6.312;179
4/23/2026;14:07;6.259;6.542;177.052;180.758;6.313;179
4/23/2026;14:08;6.235;6.530;177.461;181.146;6.313;179
4/23/2026;14:09;6.235;6.521;177.830;181.560;6.313;179
4/23/2026;14:10;6.267;6.518;178.024;182.174;6.313;179
4/23/2026;14:11;6.281;6.516;178.316;182.506;6.314;179
4/23/2026;14:12;6.281;6.514;178.508;182.722;6.312;179
4/23/2026;14:13;6.271;6.517;178.501;183.001;6.314;179
4/23/2026;14:14;6.259;6.515;178.360;183.152;6.313;179
4/23/2026;14:15;6.250;6.508;178.129;183.124;6.312;179
4/23/2026;14:16;6.257;6.501;178.156;183.120;6.313;179
4/23/2026;14:17;6.256;6.504;178.145;183.121;6.313;179
4/23/2026;14:18;6.254;6.500;178.482;183.127;6.313;179
4/23/2026;14:19;6.254;6.500;178.695;183.167;6.313;179
4/23/2026;14:20;6.249;6.498;178.717;183.258;6.315;179
4/23/2026;14:21;6.258;6.507;178.755;183.337;6.311;179
4/23/2026;14:22;6.256;6.503;178.806;183.581;6.314;179
4/23/2026;14:23;6.268;6.491;178.839;183.982;6.311;179
4/23/2026;14:24;6.264;6.476;178.860;184.236;6.311;179
4/23/2026;14:25;6.267;6.476;178.916;184.476;6.313;179
4/23/2026;14:26;6.257;6.477;179.094;184.483;6.313;179
4/23/2026;14:27;6.250;6.477;178.920;184.243;6.311;179
4/23/2026;14:28;6.252;6.481;178.493;184.000;6.312;179
4/23/2026;14:29;6.257;6.484;178.690;183.949;6.313;179
4/23/2026;14:30;6.263;6.481;178.945;183.944;6.312;179
4/23/2026;14:31;6.260;6.469;178.915;184.011;6.316;179
4/23/2026;14:32;6.264;6.467;178.865;184.163;6.312;179
4/23/2026;14:33;6.265;6.473;178.730;184.355;6.314;179
4/23/2026;14:34;6.261;6.476;178.675;184.426;6.314;179
4/23/2026;14:35;6.256;6.479;178.983;184.587;6.313;179
4/23/2026;14:36;6.267;6.473;178.917;184.744;6.313;179
4/23/2026;14:37;6.268;6.470;178.719;184.737;6.312;179
4/23/2026;14:38;6.276;6.460;178.545;184.515;6.313;179
4/23/2026;14:39;6.273;6.463;178.525;184.505;6.312;179
4/23/2026;14:40;6.278;6.463;178.571;184.470;6.313;179
4/23/2026;14:41;6.260;6.469;178.527;184.455;6.314;179
4/23/2026;14:42;6.270;6.467;178.561;184.389;6.312;179
4/23/2026;14:43;6.272;6.463;178.544;184.508;6.313;179
4/23/2026;14:44;6.289;6.460;178.930;184.732;6.313;179
4/23/2026;14:45;6.275;6.457;178.697;184.796;6.314;179
4/23/2026;14:46;6.266;6.454;178.565;184.897;6.310;179
4/23/2026;14:47;6.267;6.456;178.614;184.987;6.314;179
4/23/2026;14:48;6.266;6.461;178.898;185.112;6.312;179
4/23/2026;14:49;6.275;6.465;178.708;185.074;6.310;179
4/23/2026;14:50;6.293;6.470;178.715;184.973;6.312;179
4/23/2026;14:51;6.325;6.480;179.288;184.915;6.311;179
4/23/2026;14:52;6.335;6.488;179.428;184.882;6.311;179
4/23/2026;14:53;6.350;6.494;179.493;184.835;6.313;179
4/23/2026;14:54;6.370;6.503;179.436;184.829;6.313;179
4/23/2026;14:55;6.368;6.511;179.607;184.901;6.311;179
4/23/2026;14:56;6.350;6.512;180.031;185.070;6.312;179
4/23/2026;14:57;6.346;6.520;180.348;185.215;6.310;179
4/23/2026;14:58;6.353;6.523;180.452;185.223;6.311;179
4/23/2026;14:59;6.353;6.529;180.257;185.250;6.308;179
4/23/2026;15:00;6.350;6.541;180.503;185.230;6.312;179
4/23/2026;15:01;6.357;6.550;180.861;185.285;6.311;179
4/23/2026;15:02;6.370;6.545;181.005;185.402;6.313;179
4/23/2026;15:03;6.368;6.542;180.780;185.560;6.311;179
4/23/2026;15:04;6.363;6.544;180.726;185.546;6.312;179
4/23/2026;15:05;6.356;6.551;180.721;185.444;6.313;179
4/23/2026;15:06;6.355;6.554;180.923;185.302;6.312;179
4/23/2026;15:07;6.357;6.557;181.018;185.130;6.311;179
4/23/2026;15:08;6.351;6.565;181.243;184.924;6.312;179
4/23/2026;15:09;6.346;6.583;181.399;185.049;6.311;179
4/23/2026;15:10;6.336;6.589;181.537;185.066;6.313;179
4/23/2026;15:11;6.347;6.583;181.865;184.920;6.310;179
4/23/2026;15:12;6.349;6.571;181.618;185.191;6.311;179
4/23/2026;15:13;6.372;6.565;181.255;185.207;6.313;179
4/23/2026;15:14;6.341;6.562;181.041;185.146;6.309;179
4/23/2026;15:15;6.315;6.562;180.674;185.155;6.308;179
4/23/2026;15:16;6.285;6.549;180.691;185.358;6.310;179
4/23/2026;15:17;6.282;6.541;181.021;185.303;6.312;179
4/23/2026;15:18;6.269;6.534;181.132;185.494;6.310;179
4/23/2026;15:19;6.287;6.535;180.725;185.293;6.311;179
4/23/2026;15:20;6.288;6.533;180.480;185.155;6.310;179
4/23/2026;15:21;6.285;6.536;180.412;185.227;6.311;179
4/23/2026;15:22;6.271;6.538;180.581;185.080;6.310;179
4/23/2026;15:23;6.286;6.533;180.412;184.890;6.311;179
4/23/2026;15:24;6.276;6.531;180.187;184.861;6.311;179
4/23/2026;15:25;6.257;6.527;180.506;184.684;6.313;179
4/23/2026;15:26;6.251;6.517;180.180;184.338;6.311;179
4/23/2026;15:27;6.252;6.515;179.768;184.274;6.311;179
4/23/2026;15:28;6.267;6.514;179.849;184.377;6.310;179
4/23/2026;15:29;6.268;6.512;179.849;184.345;6.313;179
4/23/2026;15:30;6.268;6.499;180.008;184.486;6.314;179
4/23/2026;15:31;6.257;6.489;180.011;184.776;6.312;179
4/23/2026;15:32;6.266;6.489;179.878;184.719;6.313;179
4/23/2026;15:33;6.253;6.488;179.618;184.589;6.313;179
4/23/2026;15:34;6.252;6.481;179.442;184.572;6.312;179
4/23/2026;15:35;6.241;6.474;179.486;184.362;6.311;179
4/23/2026;15:36;6.259;6.480;179.475;184.240;6.311;179
4/23/2026;15:37;6.247;6.485;179.379;184.330;6.312;179
4/23/2026;15:38;6.257;6.478;179.402;184.492;6.310;179
4/23/2026;15:39;6.261;6.470;179.375;184.412;6.313;179
4/23/2026;15:40;6.255;6.464;179.418;184.299;6.312;179
4/23/2026;15:41;6.243;6.461;179.434;184.370;6.314;179
4/23/2026;15:42;6.246;6.461;179.266;184.311;6.312;179
4/23/2026;15:43;6.250;6.456;179.144;184.365;6.311;179
4/23/2026;15:44;6.247;6.454;179.137;184.600;6.313;179
4/23/2026;15:45;6.237;6.457;179.167;184.685;6.312;179
4/23/2026;15:46;6.245;6.459;179.167;184.600;6.311;179
4/23/2026;15:47;6.250;6.459;179.331;184.531;6.313;179
4/23/2026;15:48;6.255;6.454;179.304;184.438;6.312;179
4/23/2026;15:49;6.260;6.449;179.501;184.233;6.312;179
4/23/2026;15:50;6.260;6.449;179.292;184.162;6.312;179
4/23/2026;15:51;6.262;6.454;179.191;184.147;6.310;179
4/23/2026;15:52;6.254;6.455;179.397;184.461;6.313;179
4/23/2026;15:53;6.251;6.454;179.462;184.698;6.314;179
4/23/2026;15:54;6.244;6.460;179.163;184.805;6.311;179
4/23/2026;15:55;6.254;6.455;179.104;185.038;6.312;179
4/23/2026;15:56;6.255;6.447;179.121;185.076;6.313;179
4/23/2026;15:57;6.253;6.444;179.163;184.881;6.313;179
4/23/2026;15:58;6.252;6.445;179.102;185.052;6.312;179
4/23/2026;15:59;6.267;6.449;179.010;185.149;6.312;179
4/23/2026;16:00;6.288;6.453;178.876;185.222;6.313;179
4/23/2026;16:01;6.288;6.454;178.994;185.442;6.313;179
4/23/2026;16:02;6.285;6.454;179.370;185.230;6.312;179
4/23/2026;16:03;6.265;6.458;179.116;185.177;6.312;179
4/23/2026;16:04;6.262;6.452;178.983;185.029;6.312;179
4/23/2026;16:05;6.259;6.449;179.199;184.980;6.315;179
4/23/2026;16:06;6.270;6.449;179.490;185.110;6.310;179
4/23/2026;16:07;6.281;6.451;179.404;185.205;6.313;179
4/23/2026;16:08;6.285;6.443;179.053;185.312;6.313;179
4/23/2026;16:09;6.273;6.444;179.317;185.238;6.312;179
4/23/2026;16:10;6.259;6.446;179.408;185.063;6.312;179
4/23/2026;16:11;6.265;6.449;179.167;185.088;6.312;179
4/23/2026;16:12;6.268;6.444;179.136;185.091;6.314;179
4/23/2026;16:13;6.273;6.439;179.212;185.121;6.312;179
4/23/2026;16:14;6.279;6.439;179.191;185.275;6.312;179
4/23/2026;16:15;6.303;6.442;179.252;185.388;6.313;179
4/23/2026;16:16;6.310;6.438;179.232;185.436;6.311;179
4/23/2026;16:17;6.293;6.439;179.431;185.551;6.313;179
4/23/2026;16:18;6.282;6.439;179.367;185.642;6.312;179
4/23/2026;16:19;6.280;6.437;179.033;185.714;6.313;179
4/23/2026;16:20;6.293;6.431;178.917;185.646;6.312;179
4/23/2026;16:21;6.300;6.431;179.182;185.638;6.312;179
4/23/2026;16:22;6.297;6.435;179.390;185.712;6.313;179
4/23/2026;16:23;6.293;6.439;179.260;185.778;6.311;179
4/23/2026;16:24;6.293;6.438;179.149;185.613;6.313;179
4/23/2026;16:25;6.291;6.438;179.166;185.649;6.314;179
4/23/2026;16:26;6.289;6.431;179.372;185.661;6.312;179
4/23/2026;16:27;6.299;6.433;179.350;185.544;6.312;179
4/23/2026;16:28;6.302;6.436;179.211;185.606;6.313;179
4/23/2026;16:29;6.290;6.442;179.244;185.659;6.312;179
4/23/2026;16:30;6.293;6.442;179.624;185.611;6.313;179
4/23/2026;16:31;6.293;6.441;179.254;185.614;6.311;179
4/23/2026;16:32;6.293;6.442;178.839;185.717;6.312;179
4/23/2026;16:33;6.287;6.442;179.024;185.792;6.312;179
4/23/2026;16:34;6.282;6.440;179.148;185.835;6.312;179
4/23/2026;16:35;6.304;6.441;179.055;185.914;6.314;179
4/23/2026;16:36;6.334;6.453;179.719;185.968;6.313;179
4/23/2026;16:37;6.355;6.470;179.840;185.807;6.312;179
4/23/2026;16:38;6.367;6.486;180.031;185.880;6.313;179
4/23/2026;16:39;6.364;6.495;180.397;185.876;6.311;179
4/23/2026;16:40;6.368;6.503;180.466;185.886;6.312;179
4/23/2026;16:41;6.367;6.508;180.622;186.029;6.310;179
4/23/2026;16:42;6.377;6.511;180.556;186.103;6.314;179
4/23/2026;16:43;6.374;6.510;180.979;186.296;6.311;179
4/23/2026;16:44;6.385;6.512;181.139;186.497;6.313;179
4/23/2026;16:45;6.397;6.517;181.068;186.519;6.312;179
4/23/2026;16:46;6.403;6.520;181.203;186.772;6.311;179
4/23/2026;16:47;6.400;6.524;181.478;187.020;6.310;179
4/23/2026;16:48;6.387;6.529;181.679;187.026;6.312;179
4/23/2026;16:49;6.369;6.535;181.874;187.010;6.312;179
4/23/2026;16:50;6.368;6.538;182.125;186.960;6.311;179
4/23/2026;16:51;6.386;6.545;182.250;186.733;6.312;179
4/23/2026;16:52;6.402;6.547;182.160;186.604;6.312;179
4/23/2026;16:53;6.385;6.546;182.347;186.521;6.312;179
4/23/2026;16:54;6.369;6.550;182.302;186.374;6.312;179
4/23/2026;16:55;6.355;6.552;182.131;186.351;6.310;179
4/23/2026;16:56;6.356;6.548;181.963;186.354;6.312;179
4/23/2026;16:57;6.352;6.537;181.912;186.276;6.313;179
4/23/2026;16:58;6.342;6.533;181.909;186.352;6.311;179
4/23/2026;16:59;6.329;6.526;181.784;186.409;6.313;179
4/23/2026;17:00;6.306;6.519;181.774;186.240;6.311;179
4/23/2026;17:01;6.293;6.513;181.906;186.092;6.310;179
4/23/2026;17:02;6.128;6.328;173.670;153.385;6.312;179
4/23/2026;17:03;5.472;5.580;141.141;126.911;4.215;119.000
4/23/2026;17:04;4.647;4.723;122.287;123.914;4.213;119
4/23/2026;17:05;4.197;4.352;121.167;124.191;4.215;119
4/23/2026;17:06;4.146;4.332;120.883;124.299;4.213;119
4/23/2026;17:07;4.158;4.329;120.525;124.151;4.214;119
4/23/2026;17:08;4.144;4.323;120.587;123.982;4.215;119
4/23/2026;17:09;4.130;4.315;120.744;123.759;4.214;119
4/23/2026;17:10;4.124;4.315;120.569;123.699;4.214;119
4/23/2026;17:11;4.131;4.317;120.565;123.672;4.215;119
4/23/2026;17:12;4.129;4.318;120.664;123.577;4.216;119
4/23/2026;17:13;4.121;4.309;120.702;123.538;4.214;119
4/23/2026;17:14;4.120;4.313;120.361;123.461;4.214;119
4/23/2026;17:15;4.118;4.314;120.293;123.350;4.214;119
4/23/2026;17:16;4.124;4.305;120.071;123.348;4.215;119
4/23/2026;17:17;4.119;4.296;119.806;123.347;4.213;119
4/23/2026;17:18;4.124;4.288;120.205;123.412;4.212;119
4/23/2026;17:19;4.119;4.293;120.393;123.507;4.213;119
4/23/2026;17:20;4.116;4.297;119.911;123.622;4.214;119
4/23/2026;17:21;4.104;4.301;119.770;123.573;4.213;119
4/23/2026;17:22;4.097;4.294;119.865;123.522;4.213;119
4/23/2026;17:23;4.108;4.287;120.008;123.421;4.214;119
4/23/2026;17:24;4.122;4.284;119.912;123.363;4.213;119
4/23/2026;17:25;4.114;4.279;119.935;123.390;4.214;119
4/23/2026;17:26;4.092;4.274;119.872;123.263;4.214;119
4/23/2026;17:27;4.104;4.272;119.937;123.170;4.213;119
4/23/2026;17:28;4.114;4.270;120.028;123.017;4.213;119
4/23/2026;17:29;4.116;4.265;119.963;123.060;4.213;119
4/23/2026;17:30;4.110;4.264;119.830;123.162;4.214;119
4/23/2026;17:31;4.117;4.272;119.762;123.309;4.214;119
4/23/2026;17:32;4.136;4.281;119.613;123.468;4.213;119
4/23/2026;17:33;4.159;4.286;119.720;123.445;4.213;119
4/23/2026;17:34;4.183;4.293;120.253;123.290;4.214;119
4/23/2026;17:35;4.199;4.298;120.396;123.320;4.212;119
4/23/2026;17:36;4.208;4.309;120.558;123.409;4.211;119
4/23/2026;17:37;4.213;4.312;120.578;123.327;4.211;119
4/23/2026;17:38;4.209;4.310;120.497;123.411;4.212;119
4/23/2026;17:39;4.203;4.310;120.514;123.432;4.213;119
4/23/2026;17:40;4.197;4.310;120.777;123.294;4.213;119
4/23/2026;17:41;4.209;4.309;120.842;123.224;4.215;119
4/23/2026;17:42;4.215;4.317;120.978;123.329;4.213;119
4/23/2026;17:43;4.225;4.327;121.190;123.381;4.212;119
4/23/2026;17:44;4.229;4.337;121.346;123.432;4.212;119
4/23/2026;17:45;4.233;4.338;121.309;123.344;4.215;119
4/23/2026;17:46;4.232;4.341;121.288;123.302;4.215;119
4/23/2026;17:47;4.223;4.341;121.230;123.274;4.214;119
4/23/2026;17:48;4.221;4.347;121.373;123.175;4.214;119
4/23/2026;17:49;4.227;4.349;121.604;123.186;4.214;119
4/23/2026;17:50;4.231;4.342;121.578;123.282;4.213;119
4/23/2026;17:51;4.252;4.348;121.651;123.363;4.213;119
4/23/2026;17:52;4.273;4.363;121.601;123.359;4.212;119
4/23/2026;17:53;4.248;4.373;121.494;123.341;4.213;119
4/23/2026;17:54;4.178;4.367;121.805;123.371;4.213;119
4/23/2026;17:55;4.137;4.355;121.866;123.404;4.216;119
4/23/2026;17:56;4.139;4.347;121.863;123.565;4.214;119
4/23/2026;17:57;4.164;4.345;121.384;123.734;4.215;119
4/23/2026;17:58;4.162;4.346;121.045;123.634;4.216;119
4/23/2026;17:59;4.155;4.337;121.038;123.600;4.213;119
4/23/2026;18:00;4.137;4.329;121.052;123.567;4.214;119
4/23/2026;18:01;4.134;4.323;121.200;123.447;4.213;119
4/23/2026;18:02;4.127;4.338;120.991;123.294;4.216;119
4/23/2026;18:03;4.128;4.349;120.949;123.222;4.214;119
4/23/2026;18:04;4.119;4.345;121.183;123.003;4.213;119
4/23/2026;18:05;4.118;4.333;120.732;122.868;4.214;119
4/23/2026;18:06;4.108;4.333;120.502;122.663;4.214;119
4/23/2026;18:07;4.107;4.329;120.571;122.662;4.214;119
4/23/2026;18:08;4.112;4.326;120.309;122.629;4.214;119
4/23/2026;18:09;4.114;4.319;120.350;122.557;4.214;119
4/23/2026;18:10;4.112;4.316;119.996;122.641;4.213;119
4/23/2026;18:11;4.103;4.321;119.980;122.724;4.213;119
4/23/2026;18:12;4.097;4.325;120.383;122.814;4.214;119
4/23/2026;18:13;4.099;4.319;120.259;122.730;4.214;119
4/23/2026;18:14;4.101;4.299;119.879;122.583;4.214;119
4/23/2026;18:15;4.106;4.293;119.601;122.588;4.215;119
4/23/2026;18:16;4.100;4.293;119.402;122.713;4.214;119
4/23/2026;18:17;4.109;4.291;119.641;122.741;4.214;119
4/23/2026;18:18;4.111;4.287;119.800;122.949;4.214;119
4/23/2026;18:19;4.102;4.281;119.925;123.027;4.213;119
4/23/2026;18:20;4.096;4.276;119.644;123.129;4.215;119
4/23/2026;18:21;4.100;4.269;119.699;123.203;4.214;119
4/23/2026;18:22;4.120;4.271;119.877;123.121;4.216;119
4/23/2026;18:23;4.119;4.276;119.581;122.995;4.213;119
4/23/2026;18:24;4.133;4.286;119.156;122.894;4.214;119
4/23/2026;18:25;4.144;4.289;119.525;122.732;4.213;119
4/23/2026;18:26;4.174;4.295;119.833;122.652;4.212;119
4/23/2026;18:27;4.192;4.301;119.837;122.695;4.213;119
4/23/2026;18:28;4.210;4.308;120.005;122.805;4.212;119
4/23/2026;18:29;4.217;4.314;120.218;122.890;4.213;119
4/23/2026;18:30;4.217;4.316;120.368;122.984;4.213;119
4/23/2026;18:31;4.216;4.313;120.600;123.111;4.213;119
4/23/2026;18:32;4.215;4.317;120.610;123.142;4.213;119
4/23/2026;18:33;4.217;4.323;120.606;123.218;4.214;119
4/23/2026;18:34;4.210;4.327;120.622;123.303;4.213;119
4/23/2026;18:35;4.199;4.330;120.800;123.222;4.212;119
4/23/2026;18:36;4.187;4.338;120.824;123.156;4.213;119
4/23/2026;18:37;4.195;4.348;120.883;123.227;4.213;119
4/23/2026;18:38;4.212;4.357;121.191;123.140;4.213;119
4/23/2026;18:39;4.235;4.359;120.910;123.158;4.213;119
4/23/2026;18:40;4.196;4.357;121.141;123.231;4.214;119
4/23/2026;18:41;4.182;4.356;121.396;123.311;4.213;119
4/23/2026;18:42;4.184;4.363;121.359;123.290;4.214;119
4/23/2026;18:43;4.234;4.370;121.285;123.350;4.212;119
4/23/2026;18:44;4.252;4.373;121.227;123.310;4.213;119
4/23/2026;18:45;4.240;4.370;121.394;123.373;4.211;119
4/23/2026;18:46;4.199;4.364;121.681;123.276;4.215;119
4/23/2026;18:47;4.163;4.356;121.756;123.310;4.214;119
4/23/2026;18:48;4.140;4.352;121.405;123.352;4.215;119
4/23/2026;18:49;4.203;4.344;121.258;123.345;4.213;119
4/23/2026;18:50;4.191;4.344;121.439;123.231;4.214;119
4/23/2026;18:51;4.147;4.336;121.317;123.263;4.213;119
4/23/2026;18:52;4.108;4.333;121.024;123.178;4.213;119
4/23/2026;18:53;4.116;4.326;120.702;123.010;4.213;119
4/23/2026;18:54;4.137;4.327;120.628;122.905;4.213;119
4/23/2026;18:55;4.122;4.328;120.649;122.884;4.213;119
4/23/2026;18:56;4.120;4.326;120.750;122.703;4.214;119
4/23/2026;18:57;4.109;4.318;120.479;122.574;4.213;119
4/23/2026;18:58;4.107;4.309;120.305;122.611;4.213;119
4/23/2026;18:59;4.108;4.302;120.418;122.567;4.214;119
4/23/2026;19:00;4.103;4.302;120.144;122.539;4.212;119
4/23/2026;19:01;4.111;4.296;119.925;122.650;4.212;119
4/23/2026;19:02;4.115;4.281;119.867;122.610;4.212;119
4/23/2026;19:03;4.121;4.279;120.083;122.536;4.213;119
4/23/2026;19:04;4.108;4.283;119.995;122.542;4.214;119
4/23/2026;19:05;4.109;4.287;120.030;122.424;4.214;119
4/23/2026;19:06;4.122;4.284;119.829;122.296;4.214;119
4/23/2026;19:07;4.138;4.277;119.865;122.350;4.215;119
4/23/2026;19:08;4.136;4.272;119.839;122.362;4.214;119
4/23/2026;19:09;4.112;4.266;119.545;122.395;4.214;119
4/23/2026;19:10;4.077;4.263;119.501;122.398;4.216;119
4/23/2026;19:11;4.065;4.257;119.628;122.326;4.214;119
4/23/2026;19:12;4.091;4.267;119.525;122.297;4.213;119
4/23/2026;19:13;4.148;4.272;119.630;122.114;4.215;119
4/23/2026;19:14;4.189;4.278;119.940;121.889;4.214;119
4/23/2026;19:15;4.210;4.279;119.929;121.906;4.214;119
4/23/2026;19:16;4.214;4.288;120.033;122.070;4.214;119
4/23/2026;19:17;4.209;4.297;120.356;122.218;4.212;119
4/23/2026;19:18;4.216;4.303;120.649;122.487;4.213;119
4/23/2026;19:19;4.225;4.307;120.654;122.687;4.212;119
4/23/2026;19:20;4.226;4.317;120.718;122.817;4.213;119
4/23/2026;19:21;4.223;4.324;120.644;122.878;4.211;119
4/23/2026;19:22;4.218;4.328;120.623;123.081;4.215;119
4/23/2026;19:23;4.207;4.328;120.796;123.190;4.214;119
4/23/2026;19:24;4.204;4.328;120.919;123.264;4.215;119
4/23/2026;19:25;4.208;4.325;120.921;123.329;4.212;119
4/23/2026;19:26;4.213;4.321;121.057;123.363;4.212;119
4/23/2026;19:27;4.214;4.330;121.010;123.212;4.212;119
4/23/2026;19:28;4.209;4.338;120.803;123.224;4.214;119
4/23/2026;19:29;4.197;4.351;121.132;123.221;4.214;119
4/23/2026;19:30;4.195;4.346;121.476;123.160;4.213;119
4/23/2026;19:31;4.199;4.353;121.429;123.293;4.214;119
4/23/2026;19:32;4.207;4.362;121.278;123.343;4.213;119
4/23/2026;19:33;4.217;4.372;121.217;123.351;4.212;119
4/23/2026;19:34;4.232;4.373;121.163;123.388;4.212;119
4/23/2026;19:35;4.214;4.373;121.374;123.369;4.214;119
4/23/2026;19:36;4.183;4.372;121.413;123.263;4.213;119
4/23/2026;19:37;4.172;4.367;121.418;123.276;4.210;119
4/23/2026;19:38;4.171;4.360;121.594;123.348;4.214;119
4/23/2026;19:39;4.159;4.348;121.592;123.508;4.214;119
4/23/2026;19:40;4.142;4.335;121.117;123.369;4.212;119
4/23/2026;19:41;4.131;4.325;120.935;123.267;4.209;119
4/23/2026;19:42;4.134;4.324;120.906;123.059;4.212;119
4/23/2026;19:43;4.142;4.331;120.612;122.749;4.212;119
4/23/2026;19:44;4.145;4.325;120.474;122.732;4.214;119
4/23/2026;19:45;4.135;4.315;120.711;122.619;4.214;119
4/23/2026;19:46;4.116;4.312;120.791;122.607;4.213;119
4/23/2026;19:47;4.114;4.305;120.589;122.806;4.214;119
4/23/2026;19:48;4.118;4.294;120.338;122.876;4.213;119
4/23/2026;19:49;4.121;4.285;120.306;122.769;4.213;119
4/23/2026;19:50;4.113;4.282;120.203;122.827;4.212;119
4/23/2026;19:51;4.095;4.279;119.997;122.688;4.211;119
4/23/2026;19:52;4.091;4.280;119.981;122.555;4.212;119
4/23/2026;19:53;4.093;4.282;120.104;122.555;4.213;119
4/23/2026;19:54;4.095;4.276;120.209;122.419;4.212;119
4/23/2026;19:55;4.097;4.264;120.139;122.547;4.213;119
4/23/2026;19:56;4.096;4.260;120.203;122.679;4.212;119
4/23/2026;19:57;4.099;4.264;119.781;122.798;4.214;119
4/23/2026;19:58;4.098;4.265;119.595;122.841;4.213;119
4/23/2026;19:59;4.104;4.258;119.664;122.829;4.210;119
4/23/2026;20:00;4.105;4.257;119.755;122.784;4.213;119
4/23/2026;20:01;4.105;4.252;119.834;122.551;4.213;119
4/23/2026;20:02;4.130;4.253;119.745;122.516;4.212;119
4/23/2026;20:03;4.158;4.261;119.959;122.575;4.214;119
4/23/2026;20:04;4.147;4.241;118.897;112.795;4.213;119.000
4/23/2026;20:05;3.806;3.868;102.686;86.290;4.211;119.000
4/23/2026;20:06;3.291;3.310;83.497;82.011;2.815;80.000
4/23/2026;20:07;2.888;2.919;80.518;82.137;2.813;80
4/23/2026;20:08;2.792;2.863;80.577;82.233;2.813;80
4/23/2026;20:09;2.786;2.871;80.731;82.106;2.814;80
4/23/2026;20:10;2.790;2.880;80.749;81.985;2.813;80
4/23/2026;20:11;2.792;2.883;80.695;81.795;2.813;80
4/23/2026;20:12;2.799;2.888;80.674;81.672;2.814;80
4/23/2026;20:13;2.798;2.888;80.627;81.745;2.815;80
4/23/2026;20:14;2.798;2.884;80.663;81.702;2.814;80
4/23/2026;20:15;2.796;2.889;80.857;81.689;2.814;80
4/23/2026;20:16;2.801;2.891;80.746;81.693;2.814;80
4/23/2026;20:17;2.814;2.893;80.968;81.755;2.813;80
4/23/2026;20:18;2.823;2.894;81.023;81.745;2.813;80
4/23/2026;20:19;2.826;2.897;80.969;81.680;2.814;80
4/23/2026;20:20;2.811;2.897;81.042;81.816;2.814;80
4/23/2026;20:21;2.816;2.903;80.978;81.880;2.813;80
4/23/2026;20:22;2.814;2.911;81.099;81.808;2.815;80
4/23/2026;20:23;2.819;2.916;81.116;81.937;2.815;80
4/23/2026;20:24;2.793;2.912;80.995;81.977;2.814;80
4/23/2026;20:25;2.790;2.913;80.941;81.877;2.815;80
4/23/2026;20:26;2.784;2.918;80.880;81.877;2.815;80
4/23/2026;20:27;2.735;2.918;80.928;81.954;2.813;80
4/23/2026;20:28;2.706;2.903;81.059;82.055;2.814;80
4/23/2026;20:29;2.722;2.887;81.075;82.146;2.813;80
4/23/2026;20:30;2.745;2.880;81.048;82.131;2.813;80
4/23/2026;20:31;2.743;2.874;80.680;82.103;2.815;80
4/23/2026;20:32;2.738;2.868;80.451;81.886;2.815;80
4/23/2026;20:33;2.739;2.866;80.499;81.612;2.813;80
4/23/2026;20:34;2.746;2.863;80.626;81.456;2.812;80
4/23/2026;20:35;2.746;2.857;80.529;81.450;2.812;80
4/23/2026;20:36;2.750;2.855;80.319;81.472;2.813;80
4/23/2026;20:37;2.726;2.858;80.328;81.538;2.812;80
4/23/2026;20:38;2.693;2.856;80.277;81.536;2.814;80
4/23/2026;20:39;2.695;2.848;80.163;81.538;2.814;80
4/23/2026;20:40;2.718;2.845;80.166;81.458;2.814;80
4/23/2026;20:41;2.731;2.838;80.205;81.459;2.813;80
4/23/2026;20:42;2.727;2.833;79.986;81.422;2.813;80
4/23/2026;20:43;2.717;2.830;80.056;81.516;2.814;80
4/23/2026;20:44;2.712;2.833;80.032;81.463;2.812;80
4/23/2026;20:45;2.711;2.831;80.223;81.469;2.812;80
4/23/2026;20:46;2.715;2.833;80.115;81.502;2.812;80
4/23/2026;20:47;2.712;2.825;79.609;81.578;2.816;80
4/23/2026;20:48;2.708;2.817;79.708;81.488;2.812;80
4/23/2026;20:49;2.708;2.810;79.937;81.473;2.811;80
4/23/2026;20:50;2.729;2.820;79.639;81.412;2.814;80
4/23/2026;20:51;2.754;2.826;79.619;81.300;2.814;80
4/23/2026;20:52;2.771;2.833;79.893;81.261;2.812;80
4/23/2026;20:53;2.779;2.839;79.925;81.343;2.812;80
4/23/2026;20:54;2.778;2.847;79.954;81.361;2.814;80
4/23/2026;20:55;2.780;2.850;80.213;81.390;2.814;80
4/23/2026;20:56;2.783;2.849;80.173;81.387;2.814;80
4/23/2026;20:57;2.800;2.851;80.185;81.404;2.814;80
4/23/2026;20:58;2.807;2.860;80.358;81.423;2.813;80
4/23/2026;20:59;2.809;2.874;80.576;81.468;2.813;80
4/23/2026;21:00;2.802;2.880;80.792;81.599;2.812;80
4/23/2026;21:01;2.809;2.884;80.760;81.668;2.813;80
4/23/2026;21:02;2.802;2.885;80.733;81.728;2.813;80
4/23/2026;21:03;2.797;2.886;80.852;81.851;2.813;80
4/23/2026;21:04;2.795;2.889;80.825;81.883;2.814;80
4/23/2026;21:05;2.790;2.891;80.956;81.892;2.815;80
4/23/2026;21:06;2.786;2.889;80.899;81.863;2.812;80
4/23/2026;21:07;2.793;2.885;80.794;81.807;2.814;80
4/23/2026;21:08;2.809;2.889;80.717;81.853;2.813;80
4/23/2026;21:09;2.815;2.895;80.919;81.850;2.813;80
4/23/2026;21:10;2.808;2.904;81.352;81.891;2.814;80
4/23/2026;21:11;2.804;2.913;81.200;81.931;2.814;80
4/23/2026;21:12;2.790;2.912;80.975;81.917;2.813;80
4/23/2026;21:13;2.800;2.906;81.001;81.871;2.815;80
4/23/2026;21:14;2.813;2.908;81.173;81.994;2.814;80
4/23/2026;21:15;2.820;2.904;81.161;82.085;2.814;80
4/23/2026;21:16;2.797;2.897;81.090;82.101;2.814;80
4/23/2026;21:17;2.762;2.893;81.047;82.139;2.813;80
4/23/2026;21:18;2.756;2.890;80.980;82.223;2.814;80
4/23/2026;21:19;2.765;2.887;80.722;82.331;2.813;80
4/23/2026;21:20;2.775;2.885;80.692;82.367;2.813;80
4/23/2026;21:21;2.755;2.881;80.817;82.385;2.816;80
4/23/2026;21:22;2.745;2.874;80.779;82.195;2.814;80
4/23/2026;21:23;2.732;2.867;80.690;81.994;2.814;80
4/23/2026;21:24;2.736;2.854;80.590;81.698;2.814;80
4/23/2026;21:25;2.745;2.852;80.298;81.502;2.813;80
4/23/2026;21:26;2.739;2.855;80.329;81.468;2.812;80
4/23/2026;21:27;2.702;2.852;80.606;81.559;2.815;80
4/23/2026;21:28;2.698;2.847;80.541;81.667;2.815;80
4/23/2026;21:29;2.722;2.847;80.265;81.717;2.814;80
4/23/2026;21:30;2.735;2.849;80.179;81.760;2.813;80
4/23/2026;21:31;2.716;2.845;80.124;81.809;2.814;80
4/23/2026;21:32;2.722;2.840;80.088;81.677;2.813;80
4/23/2026;21:33;2.724;2.838;80.202;81.599;2.814;80
4/23/2026;21:34;2.725;2.832;80.256;81.491;2.812;80
4/23/2026;21:35;2.719;2.829;80.115;81.416;2.812;80
4/23/2026;21:36;2.717;2.827;80.247;81.372;2.813;80
4/23/2026;21:37;2.716;2.824;80.258;81.307;2.813;80
4/23/2026;21:38;2.714;2.819;79.908;81.238;2.814;80
4/23/2026;21:39;2.717;2.819;80.106;81.239;2.812;80
4/23/2026;21:40;2.731;2.825;79.981;81.142;2.813;80
4/23/2026;21:41;2.753;2.830;79.750;81.196;2.812;80
4/23/2026;21:42;2.766;2.833;79.806;81.328;2.812;80
4/23/2026;21:43;2.764;2.831;80.023;81.324;2.813;80
4/23/2026;21:44;2.767;2.833;80.141;81.235;2.812;80
4/23/2026;21:45;2.769;2.843;80.287;81.285;2.813;80
4/23/2026;21:46;2.787;2.855;80.406;81.347;2.815;80
4/23/2026;21:47;2.803;2.858;80.379;81.405;2.813;80
4/23/2026;21:48;2.806;2.864;80.612;81.367;2.815;80
4/23/2026;21:49;2.797;2.873;80.636;81.469;2.812;80
4/23/2026;21:50;2.806;2.879;80.634;81.527;2.813;80
4/23/2026;21:51;2.824;2.881;80.716;81.438;2.815;80
4/23/2026;21:52;2.833;2.878;80.684;81.468;2.813;80
4/23/2026;21:53;2.818;2.878;80.727;81.563;2.813;80
4/23/2026;21:54;2.811;2.882;80.571;81.656;2.815;80
4/23/2026;21:55;2.805;2.888;80.649;81.784;2.814;80
4/23/2026;21:56;2.799;2.887;80.683;81.897;2.813;80
4/23/2026;21:57;2.804;2.891;80.659;81.817;2.813;80
4/23/2026;21:58;2.811;2.893;80.823;81.839;2.812;80
4/23/2026;21:59;2.807;2.894;80.793;81.857;2.812;80
4/23/2026;22:00;2.792;2.891;80.735;81.764;2.811;80
4/23/2026;22:01;2.789;2.903;81.083;81.733;2.812;80
4/23/2026;22:02;2.787;2.907;81.135;81.790;2.814;80
4/23/2026;22:03;2.800;2.906;81.164;81.708;2.813;80
4/23/2026;22:04;2.814;2.905;81.195;81.714;2.814;80
4/23/2026;22:05;2.805;2.906;81.031;81.818;2.813;80
4/23/2026;22:06;2.795;2.907;80.814;81.899;2.813;80
4/23/2026;22:07;2.791;2.911;80.882;81.846;2.812;80
4/23/2026;22:08;2.784;2.904;80.932;81.948;2.814;80
4/23/2026;22:09;2.799;2.892;81.161;82.016;2.814;80
4/23/2026;22:10;2.790;2.885;81.303;82.069;2.813;80
4/23/2026;22:11;2.760;2.886;80.994;82.059;2.816;80
4/23/2026;22:12;2.737;2.882;80.818;81.898;2.813;80
4/23/2026;22:13;2.730;2.868;80.811;81.849;2.813;80
4/23/2026;22:14;2.715;2.860;80.571;81.633;2.814;80
4/23/2026;22:15;2.721;2.856;80.632;81.566;2.814;80
4/23/2026;22:16;2.744;2.851;80.574;81.569;2.813;80
4/23/2026;22:17;2.746;2.851;80.427;81.583;2.813;80
4/23/2026;22:18;2.742;2.849;80.389;81.518;2.813;80
4/23/2026;22:19;2.722;2.845;80.393;81.536;2.813;80
4/23/2026;22:20;2.728;2.841;80.530;81.484;2.814;80
4/23/2026;22:21;2.721;2.837;80.389;81.500;2.812;80
4/23/2026;22:22;2.730;2.832;80.206;81.425;2.813;80
4/23/2026;22:23;2.727;2.831;80.067;81.339;2.812;80
4/23/2026;22:24;2.729;2.829;79.965;81.473;2.812;80
4/23/2026;22:25;2.730;2.823;79.942;81.456;2.812;80
4/23/2026;22:26;2.726;2.820;79.972;81.416;2.812;80
4/23/2026;22:27;2.718;2.817;80.129;81.446;2.813;80
4/23/2026;22:28;2.710;2.820;79.895;81.226;2.815;80
4/23/2026;22:29;2.717;2.818;79.968;81.091;2.814;80
4/23/2026;22:30;2.727;2.816;80.028;81.111;2.813;80
4/23/2026;22:31;2.746;2.817;79.991;81.080;2.813;80
4/23/2026;22:32;2.767;2.826;80.140;81.151;2.811;80
4/23/2026;22:33;2.782;2.839;80.215;81.289;2.812;80
4/23/2026;22:34;2.783;2.847;80.104;81.288;2.812;80
4/23/2026;22:35;2.780;2.849;80.341;81.234;2.812;80
4/23/2026;22:36;2.780;2.847;80.460;81.252;2.813;80
4/23/2026;22:37;2.786;2.849;80.307;81.273;2.812;80
4/23/2026;22:38;2.791;2.854;80.290;81.227;2.815;80
4/23/2026;22:39;2.802;2.857;80.470;81.378;2.814;80
4/23/2026;22:40;2.807;2.859;80.670;81.400;2.813;80
4/23/2026;22:41;2.809;2.859;80.822;81.410;2.813;80
4/23/2026;22:42;2.807;2.864;80.770;81.569;2.813;80
4/23/2026;22:43;2.809;2.869;80.807;81.688;2.814;80
4/23/2026;22:44;2.813;2.876;80.692;81.785;2.812;80
4/23/2026;22:45;2.816;2.879;80.634;81.829;2.814;80
4/23/2026;22:46;2.811;2.879;80.732;81.821;2.813;80
4/23/2026;22:47;2.810;2.882;80.761;81.737;2.812;80
4/23/2026;22:48;2.799;2.881;80.825;81.713;2.813;80
4/23/2026;22:49;2.797;2.886;81.032;81.558;2.812;80
4/23/2026;22:50;2.796;2.892;81.084;81.581;2.812;80
4/23/2026;22:51;2.796;2.897;80.972;81.515;2.814;80
4/23/2026;22:52;2.807;2.895;81.063;81.484;2.813;80
4/23/2026;22:53;2.801;2.891;81.152;81.551;2.814;80
4/23/2026;22:54;2.800;2.893;80.999;81.619;2.815;80
4/23/2026;22:55;2.761;2.897;80.976;81.568;2.814;80
4/23/2026;22:56;2.765;2.896;81.197;81.559;2.814;80
4/23/2026;22:57;2.776;2.897;81.387;81.619;2.814;80
4/23/2026;22:58;2.804;2.903;81.110;81.583;2.814;80
4/23/2026;22:59;2.787;2.901;80.841;81.610;2.815;80
4/23/2026;23:00;2.754;2.889;80.829;81.716;2.814;80
4/23/2026;23:01;2.723;2.877;80.845;79.370;2.813;80
4/23/2026;23:02;2.521;2.630;70.031;50.093;2.814;80.000
4/23/2026;23:03;2.068;2.088;48.177;41.915;1.414;40.000
4/23/2026;23:04;1.559;1.587;41.254;40.860;1.414;40.000
4/23/2026;23:05;1.378;1.463;40.852;41.184;1.413;40
4/23/2026;23:06;1.363;1.449;40.827;41.093;1.414;40
4/23/2026;23:07;1.368;1.447;40.809;41.015;1.413;40
4/23/2026;23:08;1.357;1.445;40.629;40.947;1.413;40
4/23/2026;23:09;1.352;1.448;40.692;40.895;1.412;40
4/23/2026;23:10;1.345;1.447;40.488;40.871;1.413;40
4/23/2026;23:11;1.366;1.449;40.451;40.903;1.415;40
4/23/2026;23:12;1.364;1.444;40.457;40.764;1.414;40
4/23/2026;23:13;1.358;1.438;40.319;40.631;1.413;40
4/23/2026;23:14;1.330;1.436;40.396;40.466;1.413;40
4/23/2026;23:15;1.338;1.429;40.362;40.445;1.412;40
4/23/2026;23:16;1.352;1.427;40.309;40.400;1.411;40
4/23/2026;23:17;1.349;1.426;40.271;40.421;1.415;40
4/23/2026;23:18;1.342;1.425;40.195;40.539;1.414;40
4/23/2026;23:19;1.344;1.425;40.122;40.640;1.414;40
4/23/2026;23:20;1.351;1.423;40.080;40.695;1.413;40
4/23/2026;23:21;1.347;1.417;40.103;40.780;1.413;40
4/23/2026;23:22;1.365;1.418;40.181;40.740;1.413;40
4/23/2026;23:23;1.396;1.425;40.204;40.594;1.412;40
4/23/2026;23:24;1.430;1.435;40.100;40.515;1.410;40
4/23/2026;23:25;1.429;1.441;40.242;40.355;1.412;40
4/23/2026;23:26;1.421;1.441;40.305;40.288;1.412;40
4/23/2026;23:27;1.418;1.440;40.164;40.392;1.413;40
4/23/2026;23:28;1.421;1.441;40.126;40.477;1.413;40
4/23/2026;23:29;1.424;1.443;40.251;40.556;1.411;40
4/23/2026;23:30;1.423;1.443;40.435;40.543;1.412;40
4/23/2026;23:31;1.428;1.443;40.589;40.470;1.411;40
4/23/2026;23:32;1.426;1.449;40.480;40.387;1.414;40
4/23/2026;23:33;1.426;1.450;40.366;40.386;1.414;40
4/23/2026;23:34;1.426;1.456;40.480;40.414;1.414;40
4/23/2026;23:35;1.440;1.466;40.584;40.540;1.414;40
4/23/2026;23:36;1.443;1.474;40.680;40.740;1.414;40
4/23/2026;23:37;1.445;1.478;40.730;40.768;1.413;40
4/23/2026;23:38;1.434;1.473;40.626;40.804;1.413;40
4/23/2026;23:39;1.429;1.471;40.693;40.930;1.413;40
4/23/2026;23:40;1.428;1.474;40.818;40.891;1.412;40
4/23/2026;23:41;1.424;1.483;40.784;40.881;1.414;40
4/23/2026;23:42;1.423;1.481;40.801;40.898;1.412;40
4/23/2026;23:43;1.418;1.483;40.806;40.914;1.414;40
4/23/2026;23:44;1.421;1.490;40.851;40.902;1.415;40
4/23/2026;23:45;1.412;1.492;40.810;40.912;1.414;40
4/23/2026;23:46;1.407;1.490;40.703;40.930;1.415;40
4/23/2026;23:47;1.377;1.493;40.808;40.954;1.414;40
4/23/2026;23:48;1.344;1.499;40.784;40.879;1.413;40
4/23/2026;23:49;1.334;1.499;40.820;40.882;1.413;40
4/23/2026;23:50;1.375;1.499;40.904;40.938;1.415;40
4/23/2026;23:51;1.414;1.497;40.795;40.930;1.415;40
4/23/2026;23:52;1.421;1.490;40.713;41.027;1.414;40
4/23/2026;23:53;1.384;1.481;40.677;41.115;1.413;40
4/23/2026;23:54;1.344;1.473;40.741;41.122;1.414;40
4/23/2026;23:55;1.338;1.470;40.772;41.154;1.413;40
4/23/2026;23:56;1.350;1.463;40.687;41.082;1.412;40
4/23/2026;23:57;1.356;1.466;40.528;40.891;1.413;40
4/23/2026;23:58;1.351;1.464;40.432;40.805;1.412;40
4/23/2026;23:59;1.352;1.454;40.482;40.723;1.413;40
4/23/2026;24:00:00;1.357;1.443;40.509;40.714;1.415;40
4/24/2026;0:01;1.364;1.442;40.461;40.708;1.414;40
4/24/2026;0:02;1.370;1.445;40.490;40.726;1.412;40
4/24/2026;0:03;1.369;1.440;40.440;40.683;1.413;40
4/24/2026;0:04;1.356;1.436;40.394;40.694;1.416;40
4/24/2026;0:05;1.351;1.437;40.270;40.644;1.411;40
4/24/2026;0:06;1.346;1.436;40.200;40.593;1.412;40
4/24/2026;0:07;1.343;1.435;40.245;40.525;1.415;40
4/24/2026;0:08;1.340;1.427;40.191;40.479;1.415;40
4/24/2026;0:09;1.339;1.426;40.074;40.388;1.414;40
4/24/2026;0:10;1.339;1.418;40.114;40.412;1.413;40
4/24/2026;0:11;1.338;1.412;40.082;40.494;1.413;40
4/24/2026;0:12;1.346;1.412;40.171;40.459;1.413;40
4/24/2026;0:13;1.365;1.418;40.081;40.389;1.413;40
4/24/2026;0:14;1.387;1.423;40.019;40.360;1.411;40
4/24/2026;0:15;1.412;1.422;40.177;40.346;1.412;40
4/24/2026;0:16;1.431;1.430;40.082;40.385;1.413;40
4/24/2026;0:17;1.429;1.438;40.231;40.475;1.412;40
4/24/2026;0:18;1.416;1.443;40.328;40.639;1.416;40
4/24/2026;0:19;1.407;1.444;40.392;40.772;1.413;40
4/24/2026;0:20;1.403;1.446;40.366;40.816;1.415;40
4/24/2026;0:21;1.406;1.444;40.308;40.749;1.412;40
4/24/2026;0:22;1.412;1.446;40.488;40.707;1.412;40
4/24/2026;0:23;1.406;1.450;40.500;40.699;1.412;40
4/24/2026;0:24;1.400;1.450;40.499;40.815;1.413;40
4/24/2026;0:25;1.414;1.456;40.611;40.888;1.414;40
4/24/2026;0:26;1.431;1.465;40.496;41.050;1.414;40
4/24/2026;0:27;1.431;1.473;40.562;41.107;1.413;40
4/24/2026;0:28;1.410;1.471;40.566;40.971;1.414;40
4/24/2026;0:29;1.410;1.463;40.630;40.927;1.413;40
4/24/2026;0:30;1.404;1.467;40.630;40.962;1.412;40
4/24/2026;0:31;1.401;1.472;40.650;40.958;1.412;40
4/24/2026;0:32;1.404;1.475;40.832;41.077;1.412;40
4/24/2026;0:33;1.410;1.475;40.847;41.113;1.412;40
4/24/2026;0:34;1.416;1.477;40.815;41.170;1.413;40
4/24/2026;0:35;1.416;1.479;40.819;41.255;1.414;40
4/24/2026;0:36;1.416;1.481;40.879;41.257;1.414;40
4/24/2026;0:37;1.416;1.489;40.824;41.347;1.412;40
4/24/2026;0:38;1.422;1.493;40.859;41.318;1.416;40
4/24/2026;0:39;1.387;1.492;40.785;41.289;1.414;40
4/24/2026;0:40;1.320;1.489;40.703;41.259;1.413;40
4/24/2026;0:41;1.315;1.489;40.773;41.366;1.416;40
4/24/2026;0:42;1.350;1.486;40.781;41.364;1.413;40
4/24/2026;0:43;1.386;1.482;40.640;41.464;1.414;40
4/24/2026;0:44;1.386;1.479;40.586;41.543;1.416;40
4/24/2026;0:45;1.400;1.472;40.598;41.533;1.416;40
4/24/2026;0:46;1.416;1.464;40.600;41.376;1.415;40
4/24/2026;0:47;1.406;1.461;40.625;41.309;1.414;40
4/24/2026;0:48;1.390;1.466;40.712;41.261;1.413;40
4/24/2026;0:49;1.386;1.460;40.474;41.120;1.415;40
4/24/2026;0:50;1.386;1.449;40.280;41.033;1.412;40
4/24/2026;0:51;1.356;1.442;40.281;40.991;1.415;40
4/24/2026;0:52;1.327;1.443;40.320;40.964;1.413;40
4/24/2026;0:53;1.326;1.446;40.216;40.909;1.413;40
4/24/2026;0:54;1.325;1.446;40.123;40.897;1.413;40
4/24/2026;0:55;1.342;1.439;40.222;40.919;1.413;40
4/24/2026;0:56;1.340;1.432;40.275;40.893;1.414;40
4/24/2026;0:57;1.319;1.428;40.202;40.851;1.413;40
4/24/2026;0:58;1.311;1.431;39.893;40.781;1.412;40
4/24/2026;0:59;1.329;1.426;39.965;40.741;1.414;40
4/24/2026;1:00;1.342;1.425;40.220;40.756;1.415;40
4/24/2026;1:01;1.348;1.422;40.127;40.664;1.413;40
4/24/2026;1:02;1.350;1.418;40.165;40.644;1.413;40
4/24/2026;1:03;1.359;1.421;40.157;40.623;1.413;40
4/24/2026;1:04;1.370;1.426;40.204;40.607;1.414;40
4/24/2026;1:05;1.391;1.431;40.153;40.613;1.412;40
4/24/2026;1:06;1.406;1.433;40.054;40.604;1.412;40
4/24/2026;1:07;1.417;1.437;40.073;40.590;1.412;40
4/24/2026;1:08;1.410;1.441;40.143;40.580;1.413;40
4/24/2026;1:09;1.402;1.446;40.251;40.588;1.413;40
4/24/2026;1:10;1.391;1.449;40.408;40.599;1.413;40
4/24/2026;1:11;1.396;1.453;40.493;40.667;1.411;40
4/24/2026;1:12;1.409;1.455;40.439;40.634;1.411;40
4/24/2026;1:13;1.418;1.451;40.402;40.634;1.413;40
4/24/2026;1:14;1.418;1.451;40.508;40.683;1.414;40
4/24/2026;1:15;1.420;1.456;40.555;40.699;1.413;40
4/24/2026;1:16;1.426;1.469;40.440;40.681;1.414;40
4/24/2026;1:17;1.427;1.476;40.580;40.722;1.413;40
4/24/2026;1:18;1.415;1.473;40.656;40.698;1.413;40
4/24/2026;1:19;1.420;1.469;40.549;40.630;1.413;40
4/24/2026;1:20;1.424;1.472;40.570;40.678;1.415;40
4/24/2026;1:21;1.423;1.473;40.581;40.700;1.414;40
4/24/2026;1:22;1.416;1.470;40.570;40.751;1.412;40
4/24/2026;1:23;1.427;1.471;40.690;40.830;1.414;40
4/24/2026;1:24;1.427;1.476;40.676;40.743;1.414;40
4/24/2026;1:25;1.426;1.484;40.721;40.704;1.417;40
4/24/2026;1:26;1.411;1.484;40.652;40.736;1.415;40
4/24/2026;1:27;1.419;1.484;40.638;40.780;1.414;40
4/24/2026;1:28;1.462;1.484;40.691;40.868;1.414;40
4/24/2026;1:29;1.443;1.488;40.629;40.884;1.414;40
4/24/2026;1:30;1.421;1.489;40.687;40.911;1.414;40
4/24/2026;1:31;1.381;1.489;40.805;40.840;1.414;40
4/24/2026;1:32;1.392;1.492;40.776;40.743;1.416;40
4/24/2026;1:33;1.391;1.497;40.620;40.840;1.415;40
4/24/2026;1:34;1.406;1.497;40.629;40.914;1.416;40
4/24/2026;1:35;1.417;1.490;40.870;41.039;1.414;40
4/24/2026;1:36;1.409;1.486;40.889;41.195;1.413;40
4/24/2026;1:37;1.385;1.481;40.750;41.171;1.415;40
4/24/2026;1:38;1.351;1.477;40.723;41.163;1.414;40
4/24/2026;1:39;1.361;1.471;40.757;41.162;1.412;40
4/24/2026;1:40;1.359;1.463;40.532;41.055;1.412;40
4/24/2026;1:41;1.340;1.458;40.337;41.017;1.412;40
4/24/2026;1:42;1.359;1.455;40.346;40.921;1.413;40
4/24/2026;1:43;1.361;1.453;40.394;40.739;1.415;40
4/24/2026;1:44;1.369;1.451;40.407;40.664;1.414;40
4/24/2026;1:45;1.363;1.450;40.358;40.708;1.414;40
4/24/2026;1:46;1.369;1.444;40.406;40.655;1.414;40
4/24/2026;1:47;1.380;1.440;40.446;40.697;1.414;40
4/24/2026;1:48;1.378;1.440;40.259;40.781;1.411;40
4/24/2026;1:49;1.378;1.435;40.163;40.767;1.414;40
4/24/2026;1:50;1.352;1.424;40.149;40.668;1.416;40
4/24/2026;1:51;1.352;1.414;40.038;40.561;1.414;40
4/24/2026;1:52;1.342;1.413;40.045;40.511;1.414;40
4/24/2026;1:53;1.338;1.415;39.991;40.441;1.414;40
4/24/2026;1:54;1.338;1.416;39.946;40.465;1.414;40
4/24/2026;1:55;1.351;1.416;39.963;40.381;1.412;40
4/24/2026;1:56;1.370;1.423;40.008;40.431;1.412;40
4/24/2026;1:57;1.391;1.433;39.943;40.475;1.412;40
4/24/2026;1:58;1.400;1.440;39.948;40.422;1.412;40
4/24/2026;1:59;1.406;1.436;40.002;40.430;1.413;40
4/24/2026;2:00;1.403;1.436;40.266;40.404;1.414;40
4/24/2026;2:01;1.402;1.440;40.117;40.345;1.413;40
4/24/2026;2:02;1.399;1.446;40.091;40.353;1.411;40
4/24/2026;2:03;1.390;1.451;40.190;40.376;1.413;40
4/24/2026;2:04;1.394;1.452;40.170;40.459;1.413;40
4/24/2026;2:05;1.403;1.453;40.255;40.569;1.412;40
4/24/2026;2:06;1.413;1.450;40.279;40.633;1.414;40
4/24/2026;2:07;1.419;1.450;40.309;40.715;1.413;40
4/24/2026;2:08;1.431;1.455;40.559;40.707;1.414;40
4/24/2026;2:09;1.427;1.470;40.554;40.740;1.414;40
4/24/2026;2:10;1.418;1.478;40.502;40.797;1.414;40
4/24/2026;2:11;1.412;1.477;40.360;40.831;1.414;40
4/24/2026;2:12;1.411;1.473;40.440;40.863;1.414;40
4/24/2026;2:13;1.418;1.477;40.638;40.868;1.414;40
4/24/2026;2:14;1.419;1.479;40.536;40.885;1.412;40
4/24/2026;2:15;1.431;1.478;40.597;40.883;1.413;40
4/24/2026;2:16;1.430;1.475;40.427;40.806;1.413;40
4/24/2026;2:17;1.427;1.474;40.362;40.843;1.416;40
4/24/2026;2:18;1.421;1.471;40.525;40.929;1.415;40
4/24/2026;2:19;1.421;1.469;40.567;40.976;1.415;40
4/24/2026;2:20;1.424;1.469;40.622;41.021;1.414;40
4/24/2026;2:21;1.423;1.476;40.657;40.992;1.412;40
4/24/2026;2:22;1.421;1.483;40.706;40.935;1.414;40
4/24/2026;2:23;1.414;1.486;40.720;40.880;1.416;40
4/24/2026;2:24;1.408;1.481;40.718;40.885;1.415;40
4/24/2026;2:25;1.420;1.486;40.626;41.023;1.416;40
4/24/2026;2:26;1.412;1.491;40.556;41.124;1.415;40
4/24/2026;2:27;1.417;1.487;40.749;41.201;1.415;40
4/24/2026;2:28;1.397;1.477;40.673;41.324;1.413;40
4/24/2026;2:29;1.392;1.474;40.719;41.367;1.413;40
4/24/2026;2:30;1.377;1.474;40.910;41.309;1.412;40
4/24/2026;2:31;1.360;1.471;40.641;41.216;1.416;40
4/24/2026;2:32;1.345;1.465;40.551;41.143;1.413;40
4/24/2026;2:33;1.345;1.461;40.484;41.040;1.414;40
4/24/2026;2:34;1.359;1.455;40.466;40.945;1.415;40
4/24/2026;2:35;1.360;1.455;40.410;40.896;1.415;40
4/24/2026;2:36;1.340;1.452;40.275;40.962;1.414;40
4/24/2026;2:37;1.286;1.444;40.220;40.938;1.414;40
4/24/2026;2:38;1.267;1.438;40.224;40.952;1.413;40
4/24/2026;2:39;1.314;1.436;40.125;40.992;1.415;40
4/24/2026;2:40;1.365;1.436;40.324;41.000;1.414;40
4/24/2026;2:41;1.365;1.435;40.498;40.873;1.415;40
4/24/2026;2:42;1.347;1.437;40.266;40.749;1.413;40
4/24/2026;2:43;1.361;1.431;40.089;40.653;1.415;40
4/24/2026;2:44;1.356;1.427;40.079;40.621;1.414;40
4/24/2026;2:45;1.352;1.419;40.027;40.588;1.414;40
4/24/2026;2:46;1.356;1.411;40.171;40.520;1.413;40
4/24/2026;2:47;1.365;1.412;40.158;40.513;1.412;40
4/24/2026;2:48;1.381;1.415;40.064;40.459;1.411;40
4/24/2026;2:49;1.398;1.422;40.124;40.417;1.414;40
4/24/2026;2:50;1.412;1.427;40.056;40.398;1.413;40
4/24/2026;2:51;1.417;1.435;40.069;40.409;1.413;40
4/24/2026;2:52;1.412;1.438;40.167;40.524;1.413;40
4/24/2026;2:53;1.414;1.445;40.189;40.538;1.412;40
4/24/2026;2:54;1.413;1.449;40.478;40.638;1.412;40
4/24/2026;2:55;1.414;1.451;40.625;40.686;1.413;40
4/24/2026;2:56;1.413;1.449;40.579;40.704;1.414;40
4/24/2026;2:57;1.412;1.448;40.480;40.757;1.414;40
4/24/2026;2:58;1.409;1.454;40.446;40.821;1.414;40
4/24/2026;2:59;1.403;1.456;40.599;40.788;1.415;40
4/24/2026;3:00;1.401;1.455;40.676;40.786;1.414;40
4/24/2026;3:01;1.409;1.455;40.501;40.787;1.415;40
4/24/2026;3:02;1.415;1.453;40.642;40.815;1.415;40
4/24/2026;3:03;1.428;1.459;40.683;40.835;1.412;40
4/24/2026;3:04;1.420;1.466;40.467;40.912;1.413;40
4/24/2026;3:05;1.415;1.471;40.408;40.967;1.413;40
4/24/2026;3:06;1.411;1.468;40.523;40.938;1.412;40
4/24/2026;3:07;1.419;1.468;40.614;40.986;1.414;40
4/24/2026;3:08;1.417;1.472;40.583;41.090;1.413;40
4/24/2026;3:09;1.417;1.475;40.653;41.089;1.414;40
4/24/2026;3:10;1.415;1.479;40.819;41.091;1.413;40
4/24/2026;3:11;1.412;1.478;40.683;41.138;1.412;40
4/24/2026;3:12;1.417;1.482;40.656;41.050;1.413;40
4/24/2026;3:13;1.421;1.482;40.603;41.017;1.413;40
4/24/2026;3:14;1.420;1.479;40.485;41.147;1.413;40
4/24/2026;3:15;1.406;1.485;40.613;41.176;1.413;40
4/24/2026;3:16;1.397;1.490;40.759;41.082;1.414;40
4/24/2026;3:17;1.402;1.488;40.715;41.129;1.415;40
4/24/2026;3:18;1.414;1.486;40.728;41.132;1.414;40
4/24/2026;3:19;1.425;1.489;40.836;41.126;1.415;40
4/24/2026;3:20;1.425;1.486;40.796;41.126;1.414;40
4/24/2026;3:21;1.406;1.481;40.602;41.213;1.414;40
4/24/2026;3:22;1.366;1.477;40.711;41.216;1.415;40
4/24/2026;3:23;1.340;1.475;40.706;41.175;1.415;40
4/24/2026;3:24;1.355;1.469;40.636;41.146;1.414;40
4/24/2026;3:25;1.382;1.463;40.627;41.159;1.416;40
4/24/2026;3:26;1.384;1.459;40.560;41.055;1.415;40
4/24/2026;3:27;1.373;1.455;40.379;41.109;1.413;40
4/24/2026;3:28;1.370;1.448;40.456;41.058;1.413;40
4/24/2026;3:29;1.369;1.441;40.545;40.952;1.413;40
4/24/2026;3:30;1.357;1.440;40.516;40.877;1.413;40
 ; ; ;; ;;;
